jwt_secret_length,cookie_secure,cookie_httponly,session_timeout
6,1,1,301
18,1,1,1803
35,0,1,1804
24,1,0,1805
37,1,1,1806
11,0,1,1807
23,1,1,3608
40,1,0,308
29,0,1,1810
42,1,1,1811
5,1,1,1812
28,0,0,1813
45,1,1,1814
34,1,1,3615
47,0,1,315
10,1,0,1817
17,1,1,1818
33,0,1,1819
39,1,1,1820
52,1,0,1821
15,0,1,3622
22,1,1,322
38,1,1,1824
23,0,0,1825
57,1,1,1826
9,1,1,1827
27,0,1,1828
43,1,0,3629
28,1,1,329
62,0,1,1831
14,1,1,1832
16,1,0,1833
48,0,1,1834
33,1,1,1835
34,1,1,3636
8,0,0,336
21,1,1,1838
36,1,1,1839
38,0,1,1840
39,1,0,1841
13,1,1,1842
26,0,1,3643
41,1,1,343
22,1,0,1845
44,0,1,1846
7,1,1,1847
31,1,1,1848
46,0,0,1849
27,1,1,3650
49,1,1,350
12,0,1,1852
20,1,0,1853
34,1,1,1854
32,0,1,1855
54,1,1,1856
6,1,0,3657
25,0,1,357
39,1,1,1859
37,1,1,1860
59,0,0,1861
11,1,1,1862
30,1,1,1863
44,0,1,3664
21,1,0,364
64,1,1,1866
5,0,1,1867
19,1,1,1868
32,1,0,1869
26,0,1,1870
36,1,1,3671
10,1,1,371
24,0,0,1873
37,1,1,1874
31,1,1,1875
41,0,1,1876
15,1,0,1877
29,1,1,3678
42,0,1,378
36,1,1,1880
46,1,0,1881
9,0,1,1882
18,1,1,1883
47,1,1,1884
20,0,0,3685
51,1,1,385
14,1,1,1887
23,0,1,1888
35,1,0,1889
25,1,1,1890
56,0,1,1891
8,1,1,3692
28,1,0,392
40,0,1,1894
30,1,1,1895
61,1,1,1896
13,0,0,1897
17,1,1,1898
45,1,1,3699
35,0,1,399
33,1,0,1901
7,1,1,1902
22,0,1,1903
33,1,1,1904
40,1,0,1905
38,0,1,3706
12,1,1,406
27,1,1,1908
38,0,0,1909
24,1,1,1910
43,1,1,1911
6,0,1,1912
16,1,0,3713
43,1,1,413
29,0,1,1915
48,1,1,1916
11,1,0,1917
21,0,1,1918
48,1,1,1919
34,1,1,3720
53,0,0,420
5,1,1,1922
26,1,1,1923
36,0,1,1924
39,1,0,1925
58,1,1,1926
10,0,1,3727
31,1,1,427
41,1,0,1929
23,0,1,1930
63,1,1,1931
15,1,1,1932
20,0,0,1933
46,1,1,3734
28,1,1,434
35,0,1,1936
9,1,0,1937
25,1,1,1938
34,0,1,1939
33,1,1,1940
40,1,0,3741
14,0,1,441
30,1,1,1943
39,1,1,1944
38,0,0,1945
45,1,1,1946
8,1,1,1947
19,0,1,3748
44,1,0,448
22,1,1,1950
50,0,1,1951
13,1,1,1952
24,1,0,1953
32,0,1,1954
27,1,1,3755
55,1,1,455
7,0,0,1957
29,1,1,1958
37,1,1,1959
32,0,1,1960
60,1,0,1961
12,1,1,3762
18,0,1,462
42,1,1,1964
37,1,0,1965
32,0,1,1966
6,1,1,1967
23,1,1,1968
47,0,0,3769
21,1,1,469
37,1,1,1971
11,0,1,1972
28,1,0,1973
35,1,1,1974
26,0,1,1975
42,1,1,3776
5,1,0,476
17,0,1,1978
40,1,1,1979
31,1,1,1980
47,0,0,1981
10,1,1,1982
22,1,1,3783
45,0,1,483
36,1,0,1985
52,1,1,1986
15,0,1,1987
27,1,1,1988
33,1,0,1989
20,0,1,3790
57,1,1,490
9,1,1,1992
16,0,0,1993
38,1,1,1994
25,1,1,1995
62,0,1,1996
14,1,0,3797
21,1,1,497
43,0,1,1999
30,1,1,2000
34,1,0,2001
8,0,1,2002
26,1,1,2003
48,1,1,3804
35,0,0,504
39,1,1,2006
13,1,1,2007
31,0,1,2008
36,1,0,2009
40,1,1,2010
44,0,1,3811
7,1,1,511
20,1,0,2013
41,0,1,2014
24,1,1,2015
49,1,1,2016
12,0,0,2017
25,1,1,3818
46,1,1,518
29,0,1,2020
54,1,0,2021
6,1,1,2022
30,0,1,2023
34,1,1,2024
34,1,0,3825
59,0,1,525
11,1,1,2027
19,1,1,2028
39,0,0,2029
39,1,1,2030
64,1,1,2031
5,0,1,3832
24,1,0,532
44,1,1,2034
23,0,1,2035
36,1,1,2036
10,1,0,2037
29,0,1,2038
32,1,1,3839
28,1,1,539
41,0,0,2041
15,1,1,2042
18,1,1,2043
37,0,1,2044
33,1,0,2045
46,1,1,3846
9,0,1,546
23,1,1,2048
42,1,0,2049
38,0,1,2050
51,1,1,2051
14,1,1,2052
28,0,0,3853
47,1,1,553
22,1,1,2055
56,0,1,2056
8,1,0,2057
17,1,1,2058
35,0,1,2059
27,1,1,3860
61,1,0,560
13,0,1,2062
22,1,1,2063
40,1,1,2064
32,0,0,2065
33,1,1,2066
7,1,1,3867
27,0,1,567
45,1,0,2069
37,1,1,2070
38,0,1,2071
12,1,1,2072
16,1,0,2073
33,0,1,3874
21,1,1,574
43,1,1,2076
6,0,0,2077
21,1,1,2078
38,1,1,2079
26,0,1,2080
48,1,0,3881
11,1,1,581
26,0,1,2083
43,1,1,2084
31,1,0,2085
53,0,1,2086
5,1,1,2087
31,1,1,3888
48,0,0,588
36,1,1,2090
58,1,1,2091
10,0,1,2092
20,1,0,2093
36,1,1,2094
20,0,1,3895
63,1,1,595
15,1,0,2097
25,0,1,2098
41,1,1,2099
25,1,1,2100
35,0,0,2101
9,1,1,3902
30,1,1,602
46,0,1,2104
30,1,0,2105
40,1,1,2106
14,0,1,2107
19,1,1,2108
34,1,0,3909
35,0,1,609
45,1,1,2111
8,1,1,2112
24,0,0,2113
39,1,1,2114
40,1,1,2115
50,0,1,3916
13,1,0,616
29,1,1,2118
44,0,1,2119
24,1,1,2120
55,1,0,2121
7,0,1,2122
18,1,1,3923
32,1,1,623
29,0,0,2125
60,1,1,2126
12,1,1,2127
23,0,1,2128
37,1,0,2129
34,1,1,3930
32,0,1,630
6,1,1,2132
28,1,0,2133
42,0,1,2134
39,1,1,2135
37,1,1,2136
11,0,0,3937
17,1,1,637
47,1,1,2139
23,0,1,2140
42,1,0,2141
5,1,1,2142
22,0,1,2143
35,1,1,3944
28,1,0,644
47,0,1,2146
10,1,1,2147
27,1,1,2148
40,0,0,2149
33,1,1,2150
52,1,1,3951
15,0,1,651
16,1,0,2153
45,1,1,2154
38,0,1,2155
57,1,1,2156
9,1,0,2157
21,0,1,3958
33,1,1,658
22,1,1,2160
62,0,0,2161
14,1,1,2162
26,1,1,2163
38,0,1,2164
27,1,0,3965
34,1,1,665
8,0,1,2167
31,1,1,2168
43,1,0,2169
32,0,1,2170
39,1,1,2171
13,1,1,3972
20,0,0,672
48,1,1,2174
37,1,1,2175
44,0,1,2176
7,1,0,2177
25,1,1,2178
36,0,1,3979
21,1,1,679
49,1,0,2181
12,0,1,2182
30,1,1,2183
41,1,1,2184
26,0,0,2185
54,1,1,3986
6,1,1,686
19,0,1,2188
46,1,0,2189
31,1,1,2190
59,0,1,2191
11,1,1,2192
24,1,0,3993
34,0,1,693
36,1,1,2195
64,1,1,2196
5,0,0,2197
29,1,1,2198
39,1,1,2199
20,0,1,4000
36,1,0,700
10,1,1,2202
18,0,1,2203
44,1,1,2204
25,1,0,2205
41,0,1,2206
15,1,1,4007
23,1,1,707
32,0,0,2209
30,1,1,2210
46,1,1,2211
9,0,1,2212
28,1,0,2213
37,1,1,4014
35,0,1,714
51,1,1,2216
14,1,0,2217
17,0,1,2218
42,1,1,2219
40,1,1,2220
56,0,0,4021
8,1,1,721
22,1,1,2223
47,0,1,2224
24,1,0,2225
61,1,1,2226
13,0,1,2227
27,1,1,4028
35,1,0,728
29,0,1,2230
33,1,1,2231
7,1,1,2232
16,0,0,2233
40,1,1,2234
34,1,1,4035
38,0,1,735
12,1,0,2237
21,1,1,2238
45,0,1,2239
39,1,1,2240
43,1,0,2241
6,0,1,4042
26,1,1,742
33,1,1,2244
23,0,0,2245
48,1,1,2246
11,1,1,2247
31,0,1,2248
38,1,0,4049
28,1,1,749
53,0,1,2251
5,1,1,2252
20,1,0,2253
43,0,1,2254
33,1,1,2255
58,1,1,4056
10,0,0,756
25,1,1,2258
48,1,1,2259
38,0,1,2260
63,1,0,2261
15,1,1,2262
30,0,1,4063
36,1,1,763
22,1,0,2265
35,0,1,2266
9,1,1,2267
19,1,1,2268
41,0,0,2269
27,1,1,4070
40,1,1,770
14,0,1,2272
24,1,0,2273
46,1,1,2274
32,0,1,2275
45,1,1,2276
8,1,0,4077
29,0,1,777
34,1,1,2279
37,1,1,2280
50,0,0,2281
13,1,1,2282
18,1,1,2283
39,0,1,4084
21,1,0,784
55,1,1,2286
7,0,1,2287
23,1,1,2288
44,1,0,2289
26,0,1,2290
60,1,1,4091
12,1,1,791
28,0,0,2293
32,1,1,2294
31,1,1,2295
32,0,1,2296
6,1,0,2297
17,1,1,4098
37,0,1,798
36,1,1,2300
37,1,0,2301
11,0,1,2302
22,1,1,2303
42,1,1,2304
20,0,0,4105
42,1,1,805
5,1,1,2307
27,0,1,2308
47,1,0,2309
25,1,1,2310
47,0,1,2311
10,1,1,4112
16,1,0,812
35,0,1,2314
30,1,1,2315
52,1,1,2316
15,0,0,2317
21,1,1,2318
40,1,1,4119
35,0,1,819
57,1,0,2321
9,1,1,2322
26,0,1,2323
45,1,1,2324
40,1,0,2325
62,0,1,4126
14,1,1,826
31,1,1,2328
33,0,0,2329
24,1,1,2330
34,1,1,2331
8,0,1,2332
20,1,0,4133
38,1,1,833
29,0,1,2335
39,1,1,2336
13,1,0,2337
25,0,1,2338
43,1,1,2339
34,1,1,4140
44,0,0,840
7,1,1,2342
30,1,1,2343
48,0,1,2344
39,1,0,2345
49,1,1,2346
12,0,1,4147
19,1,1,847
36,1,0,2349
23,0,1,2350
54,1,1,2351
6,1,1,2352
24,0,0,2353
41,1,1,4154
28,1,1,854
59,0,1,2356
11,1,0,2357
29,1,1,2358
46,0,1,2359
33,1,1,2360
64,1,0,4161
5,0,1,861
18,1,1,2363
34,1,1,2364
38,0,0,2365
36,1,1,2366
10,1,1,2367
23,0,1,4168
39,1,0,868
22,1,1,2370
41,0,1,2371
15,1,1,2372
28,1,0,2373
44,0,1,2374
27,1,1,4175
46,1,1,875
9,0,0,2377
17,1,1,2378
32,1,1,2379
32,0,1,2380
51,1,0,2381
14,1,1,4182
22,0,1,882
37,1,1,2384
37,1,0,2385
56,0,1,2386
8,1,1,2387
27,1,1,2388
42,0,0,4189
21,1,1,889
61,1,1,2391
13,0,1,2392
16,1,0,2393
47,1,1,2394
26,0,1,2395
33,1,1,4196
7,1,0,896
21,0,1,2398
35,1,1,2399
31,1,1,2400
38,0,0,2401
12,1,1,2402
26,1,1,4203
40,0,1,903
36,1,0,2405
43,1,1,2406
6,0,1,2407
31,1,1,2408
45,1,0,2409
20,0,1,4210
48,1,1,910
11,1,1,2412
20,0,0,2413
33,1,1,2414
25,1,1,2415
53,0,1,2416
5,1,0,4217
25,1,1,917
38,0,1,2419
30,1,1,2420
58,1,0,2421
10,0,1,2422
30,1,1,2423
43,1,1,4224
35,0,0,924
63,1,1,2426
15,1,1,2427
19,0,1,2428
48,1,0,2429
40,1,1,2430
35,0,1,4231
9,1,1,931
24,1,0,2433
36,0,1,2434
24,1,1,2435
40,1,1,2436
14,0,0,2437
29,1,1,4238
41,1,1,938
29,0,1,2440
45,1,0,2441
8,1,1,2442
18,0,1,2443
46,1,1,2444
34,1,0,4245
50,0,1,945
13,1,1,2447
23,1,1,2448
34,0,0,2449
39,1,1,2450
55,1,1,2451
7,0,1,4252
28,1,0,952
39,1,1,2454
23,0,1,2455
60,1,1,2456
12,1,0,2457
17,0,1,2458
44,1,1,4259
28,1,1,959
32,0,0,2461
6,1,1,2462
22,1,1,2463
32,0,1,2464
33,1,0,2465
37,1,1,4266
11,0,1,966
27,1,1,2468
37,1,0,2469
38,0,1,2470
42,1,1,2471
5,1,1,2472
16,0,0,4273
42,1,1,973
22,1,1,2475
47,0,1,2476
10,1,0,2477
21,1,1,2478
47,0,1,2479
27,1,1,4280
52,1,0,980
15,0,1,2482
26,1,1,2483
35,1,1,2484
32,0,0,2485
57,1,1,2486
9,1,1,4287
31,0,1,987
40,1,0,2489
37,1,1,2490
62,0,1,2491
14,1,1,2492
20,1,0,2493
45,0,1,4294
21,1,1,994
34,1,1,2496
8,0,0,2497
25,1,1,2498
33,1,1,2499
26,0,1,2500
39,1,0,4301
13,1,1,1001
30,0,1,2503
38,1,1,2504
31,1,0,2505
44,0,1,2506
7,1,1,2507
19,1,1,4308
43,0,0,1008
36,1,1,2510
49,1,1,2511
12,0,1,2512
24,1,0,2513
48,1,1,2514
20,0,1,4315
54,1,1,1015
6,1,0,2517
29,0,1,2518
36,1,1,2519
25,1,1,2520
59,0,0,2521
11,1,1,4322
18,1,1,1022
41,0,1,2524
30,1,0,2525
64,1,1,2526
5,0,1,2527
23,1,1,2528
46,1,0,4329
35,0,1,1029
36,1,1,2531
10,1,1,2532
28,0,0,2533
34,1,1,2534
40,1,1,2535
41,0,1,4336
15,1,0,1036
17,1,1,2538
39,0,1,2539
24,1,1,2540
46,1,0,2541
9,0,1,2542
22,1,1,4343
44,1,1,1043
29,0,0,2545
51,1,1,2546
14,1,1,2547
27,0,1,2548
32,1,0,2549
34,1,1,4350
56,0,1,1050
8,1,1,2552
16,1,0,2553
37,0,1,2554
39,1,1,2555
61,1,1,2556
13,0,0,4357
21,1,1,1057
42,1,1,2559
23,0,1,2560
33,1,0,2561
7,1,1,2562
26,0,1,2563
47,1,1,4364
28,1,0,1064
38,0,1,2566
12,1,1,2567
31,1,1,2568
35,0,0,2569
33,1,1,2570
43,1,1,4371
6,0,1,1071
20,1,0,2573
40,1,1,2574
38,0,1,2575
48,1,1,2576
11,1,0,2577
25,0,1,4378
45,1,1,1078
22,1,1,2580
53,0,0,2581
5,1,1,2582
30,1,1,2583
33,0,1,2584
27,1,0,4385
58,1,1,1085
10,0,1,2587
19,1,1,2588
38,1,0,2589
32,0,1,2590
63,1,1,2591
15,1,1,4392
24,0,0,1092
43,1,1,2594
37,1,1,2595
35,0,1,2596
9,1,0,2597
29,1,1,2598
48,0,1,4399
21,1,1,1099
40,1,0,2601
14,0,1,2602
18,1,1,2603
36,1,1,2604
26,0,0,2605
45,1,1,4406
8,1,1,1106
23,0,1,2608
41,1,0,2609
31,1,1,2610
50,0,1,2611
13,1,1,2612
28,1,0,4413
46,0,1,1113
36,1,1,2615
55,1,1,2616
7,0,0,2617
17,1,1,2618
34,1,1,2619
20,0,1,4420
60,1,0,1120
12,1,1,2622
22,0,1,2623
39,1,1,2624
25,1,0,2625
32,0,1,2626
6,1,1,4427
27,1,1,1127
44,0,0,2629
30,1,1,2630
37,1,1,2631
11,0,1,2632
16,1,0,2633
32,1,1,4434
35,0,1,1134
42,1,1,2636
5,1,0,2637
21,0,1,2638
37,1,1,2639
40,1,1,2640
47,0,0,4441
10,1,1,1141
26,1,1,2643
42,0,1,2644
24,1,0,2645
52,1,1,2646
15,0,1,2647
31,1,1,4448
47,1,0,1148
29,0,1,2650
57,1,1,2651
9,1,1,2652
20,0,0,2653
35,1,1,2654
34,1,1,4455
62,0,1,1155
14,1,0,2657
25,1,1,2658
40,0,1,2659
39,1,1,2660
34,1,0,2661
8,0,1,4462
30,1,1,1162
45,1,1,2664
23,0,0,2665
39,1,1,2666
13,1,1,2667
19,0,1,2668
33,1,0,4469
28,1,1,1169
44,0,1,2671
7,1,1,2672
24,1,0,2673
38,0,1,2674
33,1,1,2675
49,1,1,4476
12,0,0,1176
29,1,1,2678
43,1,1,2679
38,0,1,2680
54,1,0,2681
6,1,1,2682
18,0,1,4483
48,1,1,1183
22,1,0,2685
59,0,1,2686
11,1,1,2687
23,1,1,2688
36,0,0,2689
27,1,1,4490
64,1,1,1190
5,0,1,2692
28,1,0,2693
41,1,1,2694
32,0,1,2695
36,1,1,2696
10,1,0,4497
17,0,1,1197
46,1,1,2699
37,1,1,2700
41,0,0,2701
15,1,1,2702
22,1,1,2703
34,0,1,4504
21,1,0,1204
46,1,1,2706
9,0,1,2707
27,1,1,2708
39,1,0,2709
26,0,1,2710
51,1,1,4511
14,1,1,1211
16,0,0,2713
44,1,1,2714
31,1,1,2715
56,0,1,2716
8,1,0,2717
21,1,1,4518
32,0,1,1218
36,1,1,2720
61,1,0,2721
13,0,1,2722
26,1,1,2723
37,1,1,2724
20,0,0,4525
33,1,1,1225
7,1,1,2727
31,0,1,2728
42,1,0,2729
25,1,1,2730
38,0,1,2731
12,1,1,4532
20,1,0,1232
47,0,1,2734
30,1,1,2735
43,1,1,2736
6,0,0,2737
25,1,1,2738
35,1,1,4539
35,0,1,1239
48,1,0,2741
11,1,1,2742
30,0,1,2743
40,1,1,2744
40,1,0,2745
53,0,1,4546
5,1,1,1246
19,1,1,2748
45,0,0,2749
24,1,1,2750
58,1,1,2751
10,0,1,2752
24,1,0,4553
33,1,1,1253
29,0,1,2755
63,1,1,2756
15,1,0,2757
29,0,1,2758
38,1,1,2759
34,1,1,4560
35,0,0,1260
9,1,1,2762
18,1,1,2763
43,0,1,2764
39,1,0,2765
40,1,1,2766
14,0,1,4567
23,1,1,1267
48,1,0,2769
23,0,1,2770
45,1,1,2771
8,1,1,2772
28,0,0,2773
36,1,1,4574
28,1,1,1274
50,0,1,2776
13,1,0,2777
17,1,1,2778
41,0,1,2779
33,1,1,2780
55,1,0,4581
7,0,1,1281
22,1,1,2783
46,1,1,2784
38,0,0,2785
60,1,1,2786
12,1,1,2787
27,0,1,4588
34,1,0,1288
22,1,1,2790
32,0,1,2791
6,1,1,2792
16,1,0,2793
39,0,1,2794
27,1,1,4595
37,1,1,1295
11,0,0,2797
21,1,1,2798
44,1,1,2799
32,0,1,2800
42,1,0,2801
5,1,1,4602
26,0,1,1302
32,1,1,2804
37,1,0,2805
47,0,1,2806
10,1,1,2807
31,1,1,2808
37,0,0,4609
21,1,1,1309
52,1,1,2811
15,0,1,2812
20,1,0,2813
42,1,1,2814
26,0,1,2815
57,1,1,4616
9,1,0,1316
25,0,1,2818
47,1,1,2819
31,1,1,2820
62,0,0,2821
14,1,1,2822
30,1,1,4623
35,0,1,1323
36,1,0,2825
34,1,1,2826
8,0,1,2827
19,1,1,2828
40,1,0,2829
20,0,1,4630
39,1,1,1330
13,1,1,2832
24,0,0,2833
45,1,1,2834
25,1,1,2835
44,0,1,2836
7,1,0,4637
29,1,1,1337
33,0,1,2839
30,1,1,2840
49,1,0,2841
12,0,1,2842
18,1,1,2843
38,1,1,4644
35,0,0,1344
54,1,1,2846
6,1,1,2847
23,0,1,2848
43,1,0,2849
40,1,1,2850
59,0,1,4651
11,1,1,1351
28,1,0,2853
48,0,1,2854
24,1,1,2855
64,1,1,2856
5,0,0,2857
17,1,1,4658
36,1,1,1358
29,0,1,2860
36,1,0,2861
10,1,1,2862
22,0,1,2863
41,1,1,2864
34,1,0,4665
41,0,1,1365
15,1,1,2867
27,1,1,2868
46,0,0,2869
39,1,1,2870
46,1,1,2871
9,0,1,4672
16,1,0,1372
34,1,1,2874
23,0,1,2875
51,1,1,2876
14,1,0,2877
21,0,1,2878
39,1,1,4679
28,1,1,1379
56,0,0,2881
8,1,1,2882
26,1,1,2883
44,0,1,2884
33,1,0,2885
61,1,1,4686
13,0,1,1386
31,1,1,2888
32,1,0,2889
38,0,1,2890
33,1,1,2891
7,1,1,2892
20,0,0,4693
37,1,1,1393
22,1,1,2895
38,0,1,2896
12,1,0,2897
25,1,1,2898
42,0,1,2899
27,1,1,4700
43,1,0,1400
6,0,1,2902
30,1,1,2903
47,1,1,2904
32,0,0,2905
48,1,1,2906
11,1,1,4707
19,0,1,1407
35,1,0,2909
37,1,1,2910
53,0,1,2911
5,1,1,2912
24,1,0,2913
40,0,1,4714
21,1,1,1414
58,1,1,2916
10,0,0,2917
29,1,1,2918
45,1,1,2919
26,0,1,2920
63,1,0,4721
15,1,1,1421
18,0,1,2923
33,1,1,2924
31,1,0,2925
35,0,1,2926
9,1,1,2927
23,1,1,4728
38,0,0,1428
36,1,1,2930
40,1,1,2931
14,0,1,2932
28,1,0,2933
43,1,1,2934
20,0,1,4735
45,1,1,1435
8,1,0,2937
17,0,1,2938
48,1,1,2939
25,1,1,2940
50,0,0,2941
13,1,1,4742
22,1,1,1442
36,0,1,2944
30,1,0,2945
55,1,1,2946
7,0,1,2947
27,1,1,2948
41,1,0,4749
35,0,1,1449
60,1,1,2951
12,1,1,2952
16,0,0,2953
46,1,1,2954
40,1,1,2955
32,0,1,4756
6,1,0,1456
21,1,1,2958
34,0,1,2959
24,1,1,2960
37,1,0,2961
11,0,1,2962
26,1,1,4763
39,1,1,1463
29,0,0,2965
42,1,1,2966
5,1,1,2967
31,0,1,2968
44,1,0,2969
34,1,1,4770
47,0,1,1470
10,1,1,2972
20,1,0,2973
32,0,1,2974
39,1,1,2975
52,1,1,2976
15,0,0,4777
25,1,1,1477
37,1,1,2979
23,0,1,2980
57,1,0,2981
9,1,1,2982
30,0,1,2983
42,1,1,4784
28,1,0,1484
62,0,1,2986
14,1,1,2987
19,1,1,2988
47,0,0,2989
33,1,1,2990
34,1,1,4791
8,0,1,1491
24,1,0,2993
35,1,1,2994
38,0,1,2995
39,1,1,2996
13,1,0,2997
29,0,1,4798
40,1,1,1498
22,1,1,3000
44,0,0,3001
7,1,1,3002
18,1,1,3003
45,0,1,3004
27,1,0,4805
49,1,1,1505
12,0,1,3007
23,1,1,3008
33,1,0,3009
32,0,1,3010
54,1,1,3011
6,1,1,4812
28,0,0,1512
38,1,1,3014
37,1,1,3015
59,0,1,3016
11,1,0,3017
17,1,1,3018
43,0,1,4819
21,1,1,1519
64,1,0,3021
5,0,1,3022
22,1,1,3023
48,1,1,3024
26,0,0,3025
36,1,1,4826
10,1,1,1526
27,0,1,3028
36,1,0,3029
31,1,1,3030
41,0,1,3031
15,1,1,3032
16,1,0,4833
41,0,1,1533
36,1,1,3035
46,1,1,3036
9,0,0,3037
21,1,1,3038
46,1,1,3039
20,0,1,4840
51,1,0,1540
14,1,1,3042
26,0,1,3043
34,1,1,3044
25,1,0,3045
56,0,1,3046
8,1,1,4847
31,1,1,1547
39,0,0,3049
30,1,1,3050
61,1,1,3051
13,0,1,3052
20,1,0,3053
44,1,1,4854
35,0,1,1554
33,1,1,3056
7,1,0,3057
25,0,1,3058
32,1,1,3059
40,1,1,3060
38,0,0,4861
12,1,1,1561
30,1,1,3063
37,0,1,3064
24,1,0,3065
43,1,1,3066
6,0,1,3067
19,1,1,4868
42,1,0,1568
29,0,1,3070
48,1,1,3071
11,1,1,3072
24,0,0,3073
47,1,1,3074
34,1,1,4875
53,0,1,1575
5,1,0,3077
29,1,1,3078
35,0,1,3079
39,1,1,3080
58,1,0,3081
10,0,1,4882
18,1,1,1582
40,1,1,3084
23,0,0,3085
63,1,1,3086
15,1,1,3087
23,0,1,3088
45,1,0,4889
28,1,1,1589
35,0,1,3091
9,1,1,3092
28,1,0,3093
33,0,1,3094
33,1,1,3095
40,1,1,4896
14,0,0,1596
17,1,1,3098
38,1,1,3099
38,0,1,3100
45,1,0,3101
8,1,1,3102
22,0,1,4903
43,1,1,1603
22,1,0,3105
50,0,1,3106
13,1,1,3107
27,1,1,3108
48,0,0,3109
27,1,1,4910
55,1,1,1610
7,0,1,3112
16,1,0,3113
36,1,1,3114
32,0,1,3115
60,1,1,3116
12,1,0,4917
21,0,1,1617
41,1,1,3119
37,1,1,3120
32,0,0,3121
6,1,1,3122
26,1,1,3123
46,0,1,4924
21,1,0,1624
37,1,1,3126
11,0,1,3127
31,1,1,3128
34,1,0,3129
26,0,1,3130
42,1,1,4931
5,1,1,1631
20,0,0,3133
39,1,1,3134
31,1,1,3135
47,0,1,3136
10,1,0,3137
25,1,1,4938
44,0,1,1638
36,1,1,3140
52,1,0,3141
15,0,1,3142
30,1,1,3143
32,1,1,3144
20,0,0,4945
57,1,1,1645
9,1,1,3147
19,0,1,3148
37,1,0,3149
25,1,1,3150
62,0,1,3151
14,1,1,4952
24,1,0,1652
42,0,1,3154
30,1,1,3155
34,1,1,3156
8,0,0,3157
29,1,1,3158
47,1,1,4959
35,0,1,1659
39,1,0,3161
13,1,1,3162
18,0,1,3163
35,1,1,3164
40,1,0,3165
44,0,1,4966
7,1,1,1666
23,1,1,3168
40,0,0,3169
24,1,1,3170
49,1,1,3171
12,0,1,3172
28,1,0,4973
45,1,1,1673
29,0,1,3175
54,1,1,3176
6,1,0,3177
17,0,1,3178
33,1,1,3179
34,1,1,4980
59,0,0,1680
11,1,1,3182
22,1,1,3183
38,0,1,3184
39,1,0,3185
64,1,1,3186
5,0,1,4987
27,1,1,1687
43,1,0,3189
23,0,1,3190
36,1,1,3191
10,1,1,3192
16,0,0,3193
48,1,1,4994
28,1,1,1694
41,0,1,3196
15,1,0,3197
21,1,1,3198
36,0,1,3199
33,1,1,3200
46,1,0,5001
9,0,1,1701
26,1,1,3203
41,1,1,3204
38,0,0,3205
51,1,1,3206
14,1,1,3207
31,0,1,5008
46,1,0,1708
22,1,1,3210
56,0,1,3211
8,1,1,3212
20,1,0,3213
34,0,1,3214
27,1,1,5015
61,1,1,1715
13,0,0,3217
25,1,1,3218
39,1,1,3219
32,0,1,3220
33,1,0,3221
7,1,1,5022
30,0,1,1722
44,1,1,3224
37,1,0,3225
38,0,1,3226
12,1,1,3227
19,1,1,3228
32,0,0,5029
21,1,1,1729
43,1,1,3231
6,0,1,3232
24,1,0,3233
37,1,1,3234
26,0,1,3235
48,1,1,5036
11,1,0,1736
29,0,1,3238
42,1,1,3239
31,1,1,3240
53,0,0,3241
5,1,1,3242
18,1,1,5043
47,0,1,1743
36,1,0,3245
58,1,1,3246
10,0,1,3247
23,1,1,3248
35,1,0,3249
20,0,1,5050
63,1,1,1750
15,1,1,3252
28,0,0,3253
40,1,1,3254
25,1,1,3255
35,0,1,3256
9,1,0,5057
17,1,1,1757
45,0,1,3259
30,1,1,3260
40,1,0,3261
14,0,1,3262
22,1,1,3263
33,1,1,5064
35,0,0,1764
45,1,1,3266
8,1,1,3267
27,0,1,3268
38,1,0,3269
40,1,1,3270
50,0,1,5071
13,1,1,1771
16,1,0,3273
43,0,1,3274
24,1,1,3275
55,1,1,3276
7,0,0,3277
21,1,1,5078
48,1,1,1778
29,0,1,3280
60,1,0,3281
12,1,1,3282
26,0,1,3283
36,1,1,3284
34,1,0,5085
32,0,1,1785
6,1,1,3287
31,1,1,3288
41,0,0,3289
39,1,1,3290
37,1,1,3291
11,0,1,5092
20,1,0,1792
46,1,1,3294
23,0,1,3295
42,1,1,3296
5,1,0,3297
25,0,1,3298
34,1,1,5099
28,1,1,1799
47,0,0,3301
10,1,1,3302
30,1,1,3303
39,0,1,3304
33,1,0,3305
52,1,1,5106
15,0,1,305
19,1,1,3308
44,1,0,3309
38,0,1,3310
57,1,1,3311
9,1,1,3312
24,0,0,5113
32,1,1,312
22,1,1,3315
62,0,1,3316
14,1,0,3317
29,1,1,3318
37,0,1,3319
27,1,1,5120
34,1,0,319
8,0,1,3322
18,1,1,3323
42,1,1,3324
32,0,0,3325
39,1,1,3326
13,1,1,5127
23,0,1,326
47,1,0,3329
37,1,1,3330
44,0,1,3331
7,1,1,3332
28,1,0,3333
35,0,1,5134
21,1,1,333
49,1,1,3336
12,0,0,3337
17,1,1,3338
40,1,1,3339
26,0,1,3340
54,1,0,5141
6,1,1,340
22,0,1,3343
45,1,1,3344
31,1,0,3345
59,0,1,3346
11,1,1,3347
27,1,1,5148
33,0,0,347
36,1,1,3350
64,1,1,3351
5,0,1,3352
16,1,0,3353
38,1,1,3354
20,0,1,5155
36,1,1,354
10,1,0,3357
21,0,1,3358
43,1,1,3359
25,1,1,3360
41,0,0,3361
15,1,1,5162
26,1,1,361
48,0,1,3364
30,1,0,3365
46,1,1,3366
9,0,1,3367
31,1,1,3368
36,1,0,5169
35,0,1,368
51,1,1,3371
14,1,1,3372
20,0,0,3373
41,1,1,3374
40,1,1,3375
56,0,1,5176
8,1,0,375
25,1,1,3378
46,0,1,3379
24,1,1,3380
61,1,0,3381
13,0,1,3382
30,1,1,5183
34,1,1,382
29,0,0,3385
33,1,1,3386
7,1,1,3387
19,0,1,3388
39,1,0,3389
34,1,1,5190
38,0,1,389
12,1,1,3392
24,1,0,3393
44,0,1,3394
39,1,1,3395
43,1,1,3396
6,0,0,5197
29,1,1,396
32,1,1,3399
23,0,1,3400
48,1,0,3401
11,1,1,3402
18,0,1,3403
37,1,1,5204
28,1,0,403
53,0,1,3406
5,1,1,3407
23,1,1,3408
42,0,0,3409
33,1,1,3410
58,1,1,5211
10,0,1,410
28,1,0,3413
47,1,1,3414
38,0,1,3415
63,1,1,3416
15,1,0,3417
17,0,1,5218
35,1,1,417
22,1,1,3420
35,0,0,3421
9,1,1,3422
22,1,1,3423
40,0,1,3424
27,1,0,5225
40,1,1,424
14,0,1,3427
27,1,1,3428
45,1,0,3429
32,0,1,3430
45,1,1,3431
8,1,1,5232
16,0,0,431
33,1,1,3434
37,1,1,3435
50,0,1,3436
13,1,0,3437
21,1,1,3438
38,0,1,5239
21,1,1,438
55,1,0,3441
7,0,1,3442
26,1,1,3443
43,1,1,3444
26,0,0,3445
60,1,1,5246
12,1,1,445
31,0,1,3448
48,1,0,3449
31,1,1,3450
32,0,1,3451
6,1,1,3452
20,1,0,5253
36,0,1,452
36,1,1,3455
37,1,1,3456
11,0,0,3457
25,1,1,3458
41,1,1,3459
20,0,1,5260
42,1,0,459
5,1,1,3462
30,0,1,3463
46,1,1,3464
25,1,0,3465
47,0,1,3466
10,1,1,5267
19,1,1,466
34,0,0,3469
30,1,1,3470
52,1,1,3471
15,0,1,3472
24,1,0,3473
39,1,1,5274
35,0,1,473
57,1,1,3476
9,1,0,3477
29,0,1,3478
44,1,1,3479
40,1,1,3480
62,0,0,5281
14,1,1,480
18,1,1,3483
32,0,1,3484
24,1,0,3485
34,1,1,3486
8,0,1,3487
23,1,1,5288
37,1,0,487
29,0,1,3490
39,1,1,3491
13,1,1,3492
28,0,0,3493
42,1,1,3494
34,1,1,5295
44,0,1,494
7,1,0,3497
17,1,1,3498
47,0,1,3499
39,1,1,3500
49,1,0,3501
12,0,1,5302
22,1,1,501
35,1,1,3504
23,0,0,3505
54,1,1,3506
6,1,1,3507
27,0,1,3508
40,1,0,5309
28,1,1,508
59,0,1,3511
11,1,1,3512
16,1,0,3513
45,0,1,3514
33,1,1,3515
64,1,1,5316
5,0,0,515
21,1,1,3518
33,1,1,3519
38,0,1,3520
36,1,0,3521
10,1,1,3522
26,0,1,5323
38,1,1,522
22,1,0,3525
41,0,1,3526
15,1,1,3527
31,1,1,3528
43,0,0,3529
27,1,1,5330
46,1,1,529
9,0,1,3532
20,1,0,3533
48,1,1,3534
32,0,1,3535
51,1,1,3536
14,1,0,5337
25,0,1,536
36,1,1,3539
37,1,1,3540
56,0,0,3541
8,1,1,3542
30,1,1,3543
41,0,1,5344
21,1,0,543
61,1,1,3546
13,0,1,3547
19,1,1,3548
46,1,0,3549
26,0,1,3550
33,1,1,5351
7,1,1,550
24,0,0,3553
34,1,1,3554
31,1,1,3555
38,0,1,3556
12,1,0,3557
29,1,1,5358
39,0,1,557
36,1,1,3560
43,1,0,3561
6,0,1,3562
18,1,1,3563
44,1,1,3564
20,0,0,5365
48,1,1,564
11,1,1,3567
23,0,1,3568
32,1,0,3569
25,1,1,3570
53,0,1,3571
5,1,1,5372
28,1,0,571
37,0,1,3574
30,1,1,3575
58,1,1,3576
10,0,0,3577
17,1,1,3578
42,1,1,5379
35,0,1,578
63,1,0,3581
15,1,1,3582
22,0,1,3583
47,1,1,3584
40,1,0,3585
35,0,1,5386
9,1,1,585
27,1,1,3588
35,0,0,3589
24,1,1,3590
40,1,1,3591
14,0,1,3592
16,1,0,5393
40,1,1,592
29,0,1,3595
45,1,1,3596
8,1,0,3597
21,0,1,3598
45,1,1,3599
34,1,1,5400
50,0,0,599
13,1,1,1802
26,1,1,1803
33,0,1,1804
39,1,0,1805
55,1,1,1806
7,0,1,5407
31,1,1,606
38,1,0,1809
23,0,1,1810
60,1,1,1811
12,1,1,1812
20,0,0,1813
43,1,1,5414
28,1,1,613
32,0,1,1816
6,1,0,1817
25,1,1,1818
48,0,1,1819
33,1,1,1820
37,1,0,5421
11,0,1,620
30,1,1,1823
36,1,1,1824
38,0,0,1825
42,1,1,1826
5,1,1,1827
19,0,1,5428
41,1,0,627
22,1,1,1830
47,0,1,1831
10,1,1,1832
24,1,0,1833
46,0,1,1834
27,1,1,5435
52,1,1,634
15,0,0,1837
29,1,1,1838
34,1,1,1839
32,0,1,1840
57,1,0,1841
9,1,1,5442
18,0,1,641
39,1,1,1844
37,1,0,1845
62,0,1,1846
14,1,1,1847
23,1,1,1848
44,0,0,5449
21,1,1,648
34,1,1,1851
8,0,1,1852
28,1,0,1853
32,1,1,1854
26,0,1,1855
39,1,1,5456
13,1,0,655
17,0,1,1858
37,1,1,1859
31,1,1,1860
44,0,0,1861
7,1,1,1862
22,1,1,5463
42,0,1,662
36,1,0,1865
49,1,1,1866
12,0,1,1867
27,1,1,1868
47,1,0,1869
20,0,1,5470
54,1,1,669
6,1,1,1872
16,0,0,1873
35,1,1,1874
25,1,1,1875
59,0,1,1876
11,1,0,5477
21,1,1,676
40,0,1,1879
30,1,1,1880
64,1,0,1881
5,0,1,1882
26,1,1,1883
45,1,1,5484
35,0,0,683
36,1,1,1886
10,1,1,1887
31,0,1,1888
33,1,0,1889
40,1,1,1890
41,0,1,5491
15,1,1,690
20,1,0,1893
38,0,1,1894
24,1,1,1895
46,1,1,1896
9,0,0,1897
25,1,1,5498
43,1,1,697
29,0,1,1900
51,1,0,1901
14,1,1,1902
30,0,1,1903
48,1,1,1904
34,1,0,5505
56,0,1,704
8,1,1,1907
19,1,1,1908
36,0,0,1909
39,1,1,1910
61,1,1,1911
13,0,1,5512
24,1,0,711
41,1,1,1914
23,0,1,1915
33,1,1,1916
7,1,0,1917
29,0,1,1918
46,1,1,5519
28,1,1,718
38,0,0,1921
12,1,1,1922
18,1,1,1923
34,0,1,1924
33,1,0,1925
43,1,1,5526
6,0,1,725
23,1,1,1928
39,1,0,1929
38,0,1,1930
48,1,1,1931
11,1,1,1932
28,0,0,5533
44,1,1,732
22,1,1,1935
53,0,1,1936
5,1,0,1937
17,1,1,1938
32,0,1,1939
27,1,1,5540
58,1,0,739
10,0,1,1942
22,1,1,1943
37,1,1,1944
32,0,0,1945
63,1,1,1946
15,1,1,5547
27,0,1,746
42,1,0,1949
37,1,1,1950
35,0,1,1951
9,1,1,1952
16,1,0,1953
47,0,1,5554
21,1,1,753
40,1,1,1956
14,0,0,1957
21,1,1,1958
35,1,1,1959
26,0,1,1960
45,1,0,5561
8,1,1,760
26,0,1,1963
40,1,1,1964
31,1,0,1965
50,0,1,1966
13,1,1,1967
31,1,1,5568
45,0,0,767
36,1,1,1970
55,1,1,1971
7,0,1,1972
20,1,0,1973
33,1,1,1974
20,0,1,5575
60,1,1,774
12,1,0,1977
25,0,1,1978
38,1,1,1979
25,1,1,1980
32,0,0,1981
6,1,1,5582
30,1,1,781
43,0,1,1984
30,1,0,1985
37,1,1,1986
11,0,1,1987
19,1,1,1988
48,1,0,5589
35,0,1,788
42,1,1,1991
5,1,1,1992
24,0,0,1993
36,1,1,1994
40,1,1,1995
47,0,1,5596
10,1,0,795
29,1,1,1998
41,0,1,1999
24,1,1,2000
52,1,0,2001
15,0,1,2002
18,1,1,5603
46,1,1,802
29,0,0,2005
57,1,1,2006
9,1,1,2007
23,0,1,2008
34,1,0,2009
34,1,1,5610
62,0,1,809
14,1,1,2012
28,1,0,2013
39,0,1,2014
39,1,1,2015
34,1,1,2016
8,0,0,5617
17,1,1,816
44,1,1,2019
23,0,1,2020
39,1,0,2021
13,1,1,2022
22,0,1,2023
32,1,1,5624
28,1,0,823
44,0,1,2026
7,1,1,2027
27,1,1,2028
37,0,0,2029
33,1,1,2030
49,1,1,5631
12,0,1,830
16,1,0,2033
42,1,1,2034
38,0,1,2035
54,1,1,2036
6,1,0,2037
21,0,1,5638
47,1,1,837
22,1,1,2040
59,0,0,2041
11,1,1,2042
26,1,1,2043
35,0,1,2044
27,1,0,5645
64,1,1,844
5,0,1,2047
31,1,1,2048
40,1,0,2049
32,0,1,2050
36,1,1,2051
10,1,1,5652
20,0,0,851
45,1,1,2054
37,1,1,2055
41,0,1,2056
15,1,0,2057
25,1,1,2058
33,0,1,5659
21,1,1,858
46,1,0,2061
9,0,1,2062
30,1,1,2063
38,1,1,2064
26,0,0,2065
51,1,1,5666
14,1,1,865
19,0,1,2068
43,1,0,2069
31,1,1,2070
56,0,1,2071
8,1,1,2072
24,1,0,5673
48,0,1,872
36,1,1,2075
61,1,1,2076
13,0,0,2077
29,1,1,2078
36,1,1,2079
20,0,1,5680
33,1,0,879
7,1,1,2082
18,0,1,2083
41,1,1,2084
25,1,0,2085
38,0,1,2086
12,1,1,5687
23,1,1,886
46,0,0,2089
30,1,1,2090
43,1,1,2091
6,0,1,2092
28,1,0,2093
34,1,1,5694
35,0,1,893
48,1,1,2096
11,1,0,2097
17,0,1,2098
39,1,1,2099
40,1,1,2100
53,0,0,5701
5,1,1,900
22,1,1,2103
44,0,1,2104
24,1,0,2105
58,1,1,2106
10,0,1,2107
27,1,1,5708
32,1,0,907
29,0,1,2110
63,1,1,2111
15,1,1,2112
16,0,0,2113
37,1,1,2114
34,1,1,5715
35,0,1,914
9,1,0,2117
21,1,1,2118
42,0,1,2119
39,1,1,2120
40,1,0,2121
14,0,1,5722
26,1,1,921
47,1,1,2124
23,0,0,2125
45,1,1,2126
8,1,1,2127
31,0,1,2128
35,1,0,5729
28,1,1,928
50,0,1,2131
13,1,1,2132
20,1,0,2133
40,0,1,2134
33,1,1,2135
55,1,1,5736
7,0,0,935
25,1,1,2138
45,1,1,2139
38,0,1,2140
60,1,0,2141
12,1,1,2142
30,0,1,5743
33,1,1,942
22,1,0,2145
32,0,1,2146
6,1,1,2147
19,1,1,2148
38,0,0,2149
27,1,1,5750
37,1,1,949
11,0,1,2152
24,1,0,2153
43,1,1,2154
32,0,1,2155
42,1,1,2156
5,1,0,5757
29,0,1,956
48,1,1,2159
37,1,1,2160
47,0,0,2161
10,1,1,2162
18,1,1,2163
36,0,1,5764
21,1,0,963
52,1,1,2166
15,0,1,2167
23,1,1,2168
41,1,0,2169
26,0,1,2170
57,1,1,5771
9,1,1,970
28,0,0,2173
46,1,1,2174
31,1,1,2175
62,0,1,2176
14,1,0,2177
17,1,1,5778
34,0,1,977
36,1,1,2180
34,1,0,2181
8,0,1,2182
22,1,1,2183
39,1,1,2184
20,0,0,5785
39,1,1,984
13,1,1,2187
27,0,1,2188
44,1,0,2189
25,1,1,2190
44,0,1,2191
7,1,1,5792
16,1,0,991
32,0,1,2194
30,1,1,2195
49,1,1,2196
12,0,0,2197
21,1,1,2198
37,1,1,5799
35,0,1,998
54,1,0,2201
6,1,1,2202
26,0,1,2203
42,1,1,2204
40,1,0,2205
59,0,1,5806
11,1,1,1005
31,1,1,2208
47,0,0,2209
24,1,1,2210
64,1,1,2211
5,0,1,2212
20,1,0,5813
35,1,1,1012
29,0,1,2215
36,1,1,2216
10,1,0,2217
25,0,1,2218
40,1,1,2219
34,1,1,5820
41,0,0,1019
15,1,1,2222
30,1,1,2223
45,0,1,2224
39,1,0,2225
46,1,1,2226
9,0,1,5827
19,1,1,1026
33,1,0,2229
23,0,1,2230
51,1,1,2231
14,1,1,2232
24,0,0,2233
38,1,1,5834
28,1,1,1033
56,0,1,2236
8,1,0,2237
29,1,1,2238
43,0,1,2239
33,1,1,2240
61,1,0,5841
13,0,1,1040
18,1,1,2243
48,1,1,2244
38,0,0,2245
33,1,1,2246
7,1,1,2247
23,0,1,5848
36,1,0,1047
22,1,1,2250
38,0,1,2251
12,1,1,2252
28,1,0,2253
41,0,1,2254
27,1,1,5855
43,1,1,1054
6,0,0,2257
17,1,1,2258
46,1,1,2259
32,0,1,2260
48,1,0,2261
11,1,1,5862
22,0,1,1061
34,1,1,2264
37,1,0,2265
53,0,1,2266
5,1,1,2267
27,1,1,2268
39,0,0,5869
21,1,1,1068
58,1,1,2271
10,0,1,2272
16,1,0,2273
44,1,1,2274
26,0,1,2275
63,1,1,5876
15,1,0,1075
21,0,1,2278
32,1,1,2279
31,1,1,2280
35,0,0,2281
9,1,1,2282
26,1,1,5883
37,0,1,1082
36,1,0,2285
40,1,1,2286
14,0,1,2287
31,1,1,2288
42,1,0,2289
20,0,1,5890
45,1,1,1089
8,1,1,2292
20,0,0,2293
47,1,1,2294
25,1,1,2295
50,0,1,2296
13,1,0,5897
25,1,1,1096
35,0,1,2299
30,1,1,2300
55,1,0,2301
7,0,1,2302
30,1,1,2303
40,1,1,5904
35,0,0,1103
60,1,1,2306
12,1,1,2307
19,0,1,2308
45,1,0,2309
40,1,1,2310
32,0,1,5911
6,1,1,1110
24,1,0,2313
33,0,1,2314
24,1,1,2315
37,1,1,2316
11,0,0,2317
29,1,1,5918
38,1,1,1117
29,0,1,2320
42,1,0,2321
5,1,1,2322
18,0,1,2323
43,1,1,2324
34,1,0,5925
47,0,1,1124
10,1,1,2327
23,1,1,2328
48,0,0,2329
39,1,1,2330
52,1,1,2331
15,0,1,5932
28,1,0,1131
36,1,1,2334
23,0,1,2335
57,1,1,2336
9,1,0,2337
17,0,1,2338
41,1,1,5939
28,1,1,1138
62,0,0,2341
14,1,1,2342
22,1,1,2343
46,0,1,2344
33,1,0,2345
34,1,1,5946
8,0,1,1145
27,1,1,2348
34,1,0,2349
38,0,1,2350
39,1,1,2351
13,1,1,2352
16,0,0,5953
39,1,1,1152
22,1,1,2355
44,0,1,2356
7,1,0,2357
21,1,1,2358
44,0,1,2359
27,1,1,5960
49,1,0,1159
12,0,1,2362
26,1,1,2363
32,1,1,2364
32,0,0,2365
54,1,1,2366
6,1,1,5967
31,0,1,1166
37,1,0,2369
37,1,1,2370
59,0,1,2371
11,1,1,2372
20,1,0,2373
42,0,1,5974
21,1,1,1173
64,1,1,2376
5,0,0,2377
25,1,1,2378
47,1,1,2379
26,0,1,2380
36,1,0,5981
10,1,1,1180
30,0,1,2383
35,1,1,2384
31,1,0,2385
41,0,1,2386
15,1,1,2387
19,1,1,5988
40,0,0,1187
36,1,1,2390
46,1,1,2391
9,0,1,2392
24,1,0,2393
45,1,1,2394
20,0,1,5995
51,1,1,1194
14,1,0,2397
29,0,1,2398
33,1,1,2399
25,1,1,2400
56,0,0,2401
8,1,1,6002
18,1,1,1201
38,0,1,2404
30,1,0,2405
61,1,1,2406
13,0,1,2407
23,1,1,2408
43,1,0,6009
35,0,1,1208
33,1,1,2411
7,1,1,2412
28,0,0,2413
48,1,1,2414
40,1,1,2415
38,0,1,6016
12,1,0,1215
17,1,1,2418
36,0,1,2419
24,1,1,2420
43,1,0,2421
6,0,1,2422
22,1,1,6023
41,1,1,1222
29,0,0,2425
48,1,1,2426
11,1,1,2427
27,0,1,2428
46,1,0,2429
34,1,1,6030
53,0,1,1229
5,1,1,2432
16,1,0,2433
34,0,1,2434
39,1,1,2435
58,1,1,2436
10,0,0,6037
21,1,1,1236
39,1,1,2439
23,0,1,2440
63,1,0,2441
15,1,1,2442
26,0,1,2443
44,1,1,6044
28,1,0,1243
35,0,1,2446
9,1,1,2447
31,1,1,2448
32,0,0,2449
33,1,1,2450
40,1,1,6051
14,0,1,1250
20,1,0,2453
37,1,1,2454
38,0,1,2455
45,1,1,2456
8,1,0,2457
25,0,1,6058
42,1,1,1257
22,1,1,2460
50,0,0,2461
13,1,1,2462
30,1,1,2463
47,0,1,2464
27,1,0,6065
55,1,1,1264
7,0,1,2467
19,1,1,2468
35,1,0,2469
32,0,1,2470
60,1,1,2471
12,1,1,6072
24,0,0,1271
40,1,1,2474
37,1,1,2475
32,0,1,2476
6,1,0,2477
29,1,1,2478
45,0,1,6079
21,1,1,1278
37,1,0,2481
11,0,1,2482
18,1,1,2483
33,1,1,2484
26,0,0,2485
42,1,1,6086
5,1,1,1285
23,0,1,2488
38,1,0,2489
31,1,1,2490
47,0,1,2491
10,1,1,2492
28,1,0,6093
43,0,1,1292
36,1,1,2495
52,1,1,2496
15,0,0,2497
17,1,1,2498
48,1,1,2499
20,0,1,6100
57,1,0,1299
9,1,1,2502
22,0,1,2503
36,1,1,2504
25,1,0,2505
62,0,1,2506
14,1,1,6107
27,1,1,1306
41,0,0,2509
30,1,1,2510
34,1,1,2511
8,0,1,2512
16,1,0,2513
46,1,1,6114
35,0,1,1313
39,1,1,2516
13,1,0,2517
21,0,1,2518
34,1,1,2519
40,1,1,2520
44,0,0,6121
7,1,1,1320
26,1,1,2523
39,0,1,2524
24,1,0,2525
49,1,1,2526
12,0,1,2527
31,1,1,6128
44,1,0,1327
29,0,1,2530
54,1,1,2531
6,1,1,2532
20,0,0,2533
32,1,1,2534
34,1,1,6135
59,0,1,1334
11,1,0,2537
25,1,1,2538
37,0,1,2539
39,1,1,2540
64,1,0,2541
5,0,1,6142
30,1,1,1341
42,1,1,2544
23,0,0,2545
36,1,1,2546
10,1,1,2547
19,0,1,2548
47,1,0,6149
28,1,1,1348
41,0,1,2551
15,1,1,2552
24,1,0,2553
35,0,1,2554
33,1,1,2555
46,1,1,6156
9,0,0,1355
29,1,1,2558
40,1,1,2559
38,0,1,2560
51,1,0,2561
14,1,1,2562
18,0,1,6163
45,1,1,1362
22,1,0,2565
56,0,1,2566
8,1,1,2567
23,1,1,2568
33,0,0,2569
27,1,1,6170
61,1,1,1369
13,0,1,2572
28,1,0,2573
38,1,1,2574
32,0,1,2575
33,1,1,2576
7,1,0,6177
17,0,1,1376
43,1,1,2579
37,1,1,2580
38,0,0,2581
12,1,1,2582
22,1,1,2583
48,0,1,6184
21,1,0,1383
43,1,1,2586
6,0,1,2587
27,1,1,2588
36,1,0,2589
26,0,1,2590
48,1,1,6191
11,1,1,1390
16,0,0,2593
41,1,1,2594
31,1,1,2595
53,0,1,2596
5,1,0,2597
21,1,1,6198
46,0,1,1397
36,1,1,2600
58,1,0,2601
10,0,1,2602
26,1,1,2603
34,1,1,2604
20,0,0,6205
63,1,1,1404
15,1,1,2607
31,0,1,2608
39,1,0,2609
25,1,1,2610
35,0,1,2611
9,1,1,6212
20,1,0,1411
44,0,1,2614
30,1,1,2615
40,1,1,2616
14,0,0,2617
25,1,1,2618
32,1,1,6219
35,0,1,1418
45,1,0,2621
8,1,1,2622
30,0,1,2623
37,1,1,2624
40,1,0,2625
50,0,1,6226
13,1,1,1425
19,1,1,2628
42,0,0,2629
24,1,1,2630
55,1,1,2631
7,0,1,2632
24,1,0,6233
47,1,1,1432
29,0,1,2635
60,1,1,2636
12,1,0,2637
29,0,1,2638
35,1,1,2639
34,1,1,6240
32,0,0,1439
6,1,1,2642
18,1,1,2643
40,0,1,2644
39,1,0,2645
37,1,1,2646
11,0,1,6247
23,1,1,1446
45,1,0,2649
23,0,1,2650
42,1,1,2651
5,1,1,2652
28,0,0,2653
33,1,1,6254
28,1,1,1453
47,0,1,2656
10,1,0,2657
17,1,1,2658
38,0,1,2659
33,1,1,2660
52,1,0,6261
15,0,1,1460
22,1,1,2663
43,1,1,2664
38,0,0,2665
57,1,1,2666
9,1,1,2667
27,0,1,6268
48,1,0,1467
22,1,1,2670
62,0,1,2671
14,1,1,2672
16,1,0,2673
36,0,1,2674
27,1,1,6275
34,1,1,1474
8,0,0,2677
21,1,1,2678
41,1,1,2679
32,0,1,2680
39,1,0,2681
13,1,1,6282
26,0,1,1481
46,1,1,2684
37,1,0,2685
44,0,1,2686
7,1,1,2687
31,1,1,2688
34,0,0,6289
21,1,1,1488
49,1,1,2691
12,0,1,2692
20,1,0,2693
39,1,1,2694
26,0,1,2695
54,1,1,6296
6,1,0,1495
25,0,1,2698
44,1,1,2699
31,1,1,2700
59,0,0,2701
11,1,1,2702
30,1,1,6303
32,0,1,1502
36,1,0,2705
64,1,1,2706
5,0,1,2707
19,1,1,2708
37,1,0,2709
20,0,1,6310
36,1,1,1509
10,1,1,2712
24,0,0,2713
42,1,1,2714
25,1,1,2715
41,0,1,2716
15,1,0,6317
29,1,1,1516
47,0,1,2719
30,1,1,2720
46,1,0,2721
9,0,1,2722
18,1,1,2723
35,1,1,6324
35,0,0,1523
51,1,1,2726
14,1,1,2727
23,0,1,2728
40,1,0,2729
40,1,1,2730
56,0,1,6331
8,1,1,1530
28,1,0,2733
45,0,1,2734
24,1,1,2735
61,1,1,2736
13,0,0,2737
17,1,1,6338
33,1,1,1537
29,0,1,2740
33,1,0,2741
7,1,1,2742
22,0,1,2743
38,1,1,2744
34,1,0,6345
38,0,1,1544
12,1,1,2747
27,1,1,2748
43,0,0,2749
39,1,1,2750
43,1,1,2751
6,0,1,6352
16,1,0,1551
48,1,1,2754
23,0,1,2755
48,1,1,2756
11,1,0,2757
21,0,1,2758
36,1,1,6359
28,1,1,1558
53,0,0,2761
5,1,1,2762
26,1,1,2763
41,0,1,2764
33,1,0,2765
58,1,1,6366
10,0,1,1565
31,1,1,2768
46,1,0,2769
38,0,1,2770
63,1,1,2771
15,1,1,2772
20,0,0,6373
34,1,1,1572
22,1,1,2775
35,0,1,2776
9,1,0,2777
25,1,1,2778
39,0,1,2779
27,1,1,6380
40,1,0,1579
14,0,1,2782
30,1,1,2783
44,1,1,2784
32,0,0,2785
45,1,1,2786
8,1,1,6387
19,0,1,1586
32,1,0,2789
37,1,1,2790
50,0,1,2791
13,1,1,2792
24,1,0,2793
37,0,1,6394
21,1,1,1593
55,1,1,2796
7,0,0,2797
29,1,1,2798
42,1,1,2799
26,0,1,2800
60,1,0,6401
12,1,1,1600
18,0,1,2803
47,1,1,2804
31,1,0,2805
32,0,1,2806
6,1,1,2807
23,1,1,6408
35,0,0,1607
36,1,1,2810
37,1,1,2811
11,0,1,2812
28,1,0,2813
40,1,1,2814
20,0,1,6415
42,1,1,1614
5,1,0,2817
17,0,1,2818
45,1,1,2819
25,1,1,2820
47,0,0,2821
10,1,1,6422
22,1,1,1621
33,0,1,2824
30,1,0,2825
52,1,1,2826
15,0,1,2827
27,1,1,2828
38,1,0,6429
35,0,1,1628
57,1,1,2831
9,1,1,2832
16,0,0,2833
43,1,1,2834
40,1,1,2835
62,0,1,6436
14,1,0,1635
21,1,1,2838
48,0,1,2839
24,1,1,2840
34,1,0,2841
8,0,1,2842
26,1,1,6443
36,1,1,1642
29,0,0,2845
39,1,1,2846
13,1,1,2847
31,0,1,2848
41,1,0,2849
34,1,1,6450
44,0,1,1649
7,1,1,2852
20,1,0,2853
46,0,1,2854
39,1,1,2855
49,1,1,2856
12,0,0,6457
25,1,1,1656
34,1,1,2859
23,0,1,2860
54,1,0,2861
6,1,1,2862
30,0,1,2863
39,1,1,6464
28,1,0,1663
59,0,1,2866
11,1,1,2867
19,1,1,2868
44,0,0,2869
33,1,1,2870
64,1,1,6471
5,0,1,1670
24,1,0,2873
32,1,1,2874
38,0,1,2875
36,1,1,2876
10,1,0,2877
29,0,1,6478
37,1,1,1677
22,1,1,2880
41,0,0,2881
15,1,1,2882
18,1,1,2883
42,0,1,2884
27,1,0,6485
46,1,1,1684
9,0,1,2887
23,1,1,2888
47,1,0,2889
32,0,1,2890
51,1,1,2891
14,1,1,6492
28,0,0,1691
35,1,1,2894
37,1,1,2895
56,0,1,2896
8,1,0,2897
17,1,1,2898
40,0,1,6499
21,1,1,1698
61,1,0,2901
13,0,1,2902
22,1,1,2903
45,1,1,2904
26,0,0,2905
33,1,1,6506
7,1,1,1705
27,0,1,2908
33,1,0,2909
31,1,1,2910
38,0,1,2911
12,1,1,2912
16,1,0,6513
38,0,1,1712
36,1,1,2915
43,1,1,2916
6,0,0,2917
21,1,1,2918
43,1,1,2919
20,0,1,6520
48,1,0,1719
11,1,1,2922
26,0,1,2923
48,1,1,2924
25,1,0,2925
53,0,1,2926
5,1,1,6527
31,1,1,1726
36,0,0,2929
30,1,1,2930
58,1,1,2931
10,0,1,2932
20,1,0,2933
41,1,1,6534
35,0,1,1733
63,1,1,2936
15,1,0,2937
25,0,1,2938
46,1,1,2939
40,1,1,2940
35,0,0,6541
9,1,1,1740
30,1,1,2943
34,0,1,2944
24,1,0,2945
40,1,1,2946
14,0,1,2947
19,1,1,6548
39,1,0,1747
29,0,1,2950
45,1,1,2951
8,1,1,2952
24,0,0,2953
44,1,1,2954
34,1,1,6555
50,0,1,1754
13,1,0,2957
29,1,1,2958
32,0,1,2959
39,1,1,2960
55,1,0,2961
7,0,1,6562
18,1,1,1761
37,1,1,2964
23,0,0,2965
60,1,1,2966
12,1,1,2967
23,0,1,2968
42,1,0,6569
28,1,1,1768
32,0,1,2971
6,1,1,2972
28,1,0,2973
47,0,1,2974
33,1,1,2975
37,1,1,6576
11,0,0,1775
17,1,1,2978
35,1,1,2979
38,0,1,2980
42,1,0,2981
5,1,1,2982
22,0,1,6583
40,1,1,1782
22,1,0,2985
47,0,1,2986
10,1,1,2987
27,1,1,2988
45,0,0,2989
27,1,1,6590
52,1,1,1789
15,0,1,2992
16,1,0,2993
33,1,1,2994
32,0,1,2995
57,1,1,2996
9,1,0,6597
21,0,1,1796
38,1,1,2999
37,1,1,3000
62,0,0,3001
14,1,1,3002
26,1,1,3003
43,0,1,6604
21,1,0,302
34,1,1,3006
8,0,1,3007
31,1,1,3008
48,1,0,3009
26,0,1,3010
39,1,1,6611
13,1,1,309
20,0,0,3013
36,1,1,3014
31,1,1,3015
44,0,1,3016
7,1,0,3017
25,1,1,6618
41,0,1,316
36,1,1,3020
49,1,0,3021
12,0,1,3022
30,1,1,3023
46,1,1,3024
20,0,0,6625
54,1,1,323
6,1,1,3027
19,0,1,3028
34,1,0,3029
25,1,1,3030
59,0,1,3031
11,1,1,6632
24,1,0,330
39,0,1,3034
30,1,1,3035
64,1,1,3036
5,0,0,3037
29,1,1,3038
44,1,1,6639
35,0,1,337
36,1,0,3041
10,1,1,3042
18,0,1,3043
32,1,1,3044
40,1,0,3045
41,0,1,6646
15,1,1,344
23,1,1,3048
37,0,0,3049
24,1,1,3050
46,1,1,3051
9,0,1,3052
28,1,0,6653
42,1,1,351
29,0,1,3055
51,1,1,3056
14,1,0,3057
17,0,1,3058
47,1,1,3059
34,1,1,6660
56,0,0,358
8,1,1,3062
22,1,1,3063
35,0,1,3064
39,1,0,3065
61,1,1,3066
13,0,1,6667
27,1,1,365
40,1,0,3069
23,0,1,3070
33,1,1,3071
7,1,1,3072
16,0,0,3073
45,1,1,6674
28,1,1,372
38,0,1,3076
12,1,0,3077
21,1,1,3078
33,0,1,3079
33,1,1,3080
43,1,0,6681
6,0,1,379
26,1,1,3083
38,1,1,3084
38,0,0,3085
48,1,1,3086
11,1,1,3087
31,0,1,6688
43,1,0,386
22,1,1,3090
53,0,1,3091
5,1,1,3092
20,1,0,3093
48,0,1,3094
27,1,1,6695
58,1,1,393
10,0,0,3097
25,1,1,3098
36,1,1,3099
32,0,1,3100
63,1,0,3101
15,1,1,6702
30,0,1,400
41,1,1,3104
37,1,0,3105
35,0,1,3106
9,1,1,3107
19,1,1,3108
46,0,0,6709
21,1,1,407
40,1,1,3111
14,0,1,3112
24,1,0,3113
34,1,1,3114
26,0,1,3115
45,1,1,6716
8,1,0,414
29,0,1,3118
39,1,1,3119
31,1,1,3120
50,0,0,3121
13,1,1,3122
18,1,1,6723
44,0,1,421
36,1,0,3125
55,1,1,3126
7,0,1,3127
23,1,1,3128
32,1,0,3129
20,0,1,6730
60,1,1,428
12,1,1,3132
28,0,0,3133
37,1,1,3134
25,1,1,3135
32,0,1,3136
6,1,0,6737
17,1,1,435
42,0,1,3139
30,1,1,3140
37,1,0,3141
11,0,1,3142
22,1,1,3143
47,1,1,6744
35,0,0,442
42,1,1,3146
5,1,1,3147
27,0,1,3148
35,1,0,3149
40,1,1,3150
47,0,1,6751
10,1,1,449
16,1,0,3153
40,0,1,3154
24,1,1,3155
52,1,1,3156
15,0,0,3157
21,1,1,6758
45,1,1,456
29,0,1,3160
57,1,0,3161
9,1,1,3162
26,0,1,3163
33,1,1,3164
34,1,0,6765
62,0,1,463
14,1,1,3167
31,1,1,3168
38,0,0,3169
39,1,1,3170
34,1,1,3171
8,0,1,6772
20,1,0,470
43,1,1,3174
23,0,1,3175
39,1,1,3176
13,1,0,3177
25,0,1,3178
48,1,1,6779
28,1,1,477
44,0,0,3181
7,1,1,3182
30,1,1,3183
36,0,1,3184
33,1,0,3185
49,1,1,6786
12,0,1,484
19,1,1,3188
41,1,0,3189
38,0,1,3190
54,1,1,3191
6,1,1,3192
24,0,0,6793
46,1,1,491
22,1,1,3195
59,0,1,3196
11,1,0,3197
29,1,1,3198
34,0,1,3199
27,1,1,6800
64,1,0,498
5,0,1,3202
18,1,1,3203
39,1,1,3204
32,0,0,3205
36,1,1,3206
10,1,1,6807
23,0,1,505
44,1,0,3209
37,1,1,3210
41,0,1,3211
15,1,1,3212
28,1,0,3213
32,0,1,6814
21,1,1,512
46,1,1,3216
9,0,0,3217
17,1,1,3218
37,1,1,3219
26,0,1,3220
51,1,0,6821
14,1,1,519
22,0,1,3223
42,1,1,3224
31,1,0,3225
56,0,1,3226
8,1,1,3227
27,1,1,6828
47,0,0,526
36,1,1,3230
61,1,1,3231
13,0,1,3232
16,1,0,3233
35,1,1,3234
20,0,1,6835
33,1,1,533
7,1,0,3237
21,0,1,3238
40,1,1,3239
25,1,1,3240
38,0,0,3241
12,1,1,6842
26,1,1,540
45,0,1,3244
30,1,0,3245
43,1,1,3246
6,0,1,3247
31,1,1,3248
33,1,0,6849
35,0,1,547
48,1,1,3251
11,1,1,3252
20,0,0,3253
38,1,1,3254
40,1,1,3255
53,0,1,6856
5,1,0,554
25,1,1,3258
43,0,1,3259
24,1,1,3260
58,1,0,3261
10,0,1,3262
30,1,1,6863
48,1,1,561
29,0,0,3265
63,1,1,3266
15,1,1,3267
19,0,1,3268
36,1,0,3269
34,1,1,6870
35,0,1,568
9,1,1,3272
24,1,0,3273
41,0,1,3274
39,1,1,3275
40,1,1,3276
14,0,0,6877
29,1,1,575
46,1,1,3279
23,0,1,3280
45,1,0,3281
8,1,1,3282
18,0,1,3283
34,1,1,6884
28,1,0,582
50,0,1,3286
13,1,1,3287
23,1,1,3288
39,0,0,3289
33,1,1,3290
55,1,1,6891
7,0,1,589
28,1,0,3293
44,1,1,3294
38,0,1,3295
60,1,1,3296
12,1,0,3297
17,0,1,6898
32,1,1,596
22,1,1,3300
32,0,0,3301
6,1,1,3302
22,1,1,3303
37,0,1,3304
27,1,0,6905
37,1,1,603
11,0,1,3307
27,1,1,3308
42,1,0,3309
32,0,1,3310
42,1,1,3311
5,1,1,6912
16,0,0,610
47,1,1,3314
37,1,1,3315
47,0,1,3316
10,1,0,3317
21,1,1,3318
35,0,1,6919
21,1,1,617
52,1,0,3321
15,0,1,3322
26,1,1,3323
40,1,1,3324
26,0,0,3325
57,1,1,6926
9,1,1,624
31,0,1,3328
45,1,0,3329
31,1,1,3330
62,0,1,3331
14,1,1,3332
20,1,0,6933
33,0,1,631
36,1,1,3335
34,1,1,3336
8,0,0,3337
25,1,1,3338
38,1,1,3339
20,0,1,6940
39,1,0,638
13,1,1,3342
30,0,1,3343
43,1,1,3344
25,1,0,3345
44,0,1,3346
7,1,1,6947
19,1,1,645
48,0,0,3349
30,1,1,3350
49,1,1,3351
12,0,1,3352
24,1,0,3353
36,1,1,6954
35,0,1,652
54,1,1,3356
6,1,0,3357
29,0,1,3358
41,1,1,3359
40,1,1,3360
59,0,0,6961
11,1,1,659
18,1,1,3363
46,0,1,3364
24,1,0,3365
64,1,1,3366
5,0,1,3367
23,1,1,6968
34,1,0,666
29,0,1,3370
36,1,1,3371
10,1,1,3372
28,0,0,3373
39,1,1,3374
34,1,1,6975
41,0,1,673
15,1,0,3377
17,1,1,3378
44,0,1,3379
39,1,1,3380
46,1,0,3381
9,0,1,6982
22,1,1,680
32,1,1,3384
23,0,0,3385
51,1,1,3386
14,1,1,3387
27,0,1,3388
37,1,0,6989
28,1,1,687
56,0,1,3391
8,1,1,3392
16,1,0,3393
42,0,1,3394
33,1,1,3395
61,1,1,6996
13,0,0,694
21,1,1,3398
47,1,1,3399
38,0,1,3400
33,1,0,3401
7,1,1,3402
26,0,1,7003
35,1,1,701
22,1,0,3405
38,0,1,3406
12,1,1,3407
31,1,1,3408
40,0,0,3409
27,1,1,7010
43,1,1,708
6,0,1,3412
20,1,0,3413
45,1,1,3414
32,0,1,3415
48,1,1,3416
11,1,0,7017
25,0,1,715
33,1,1,3419
37,1,1,3420
53,0,0,3421
5,1,1,3422
30,1,1,3423
38,0,1,7024
21,1,0,722
58,1,1,3426
10,0,1,3427
19,1,1,3428
43,1,0,3429
26,0,1,3430
63,1,1,7031
15,1,1,729
24,0,0,3433
48,1,1,3434
31,1,1,3435
35,0,1,3436
9,1,0,3437
29,1,1,7038
36,0,1,736
36,1,1,3440
40,1,0,3441
14,0,1,3442
18,1,1,3443
41,1,1,3444
20,0,0,7045
45,1,1,743
8,1,1,3447
23,0,1,3448
46,1,0,3449
25,1,1,3450
50,0,1,3451
13,1,1,7052
28,1,0,750
34,0,1,3454
30,1,1,3455
55,1,1,3456
7,0,0,3457
17,1,1,3458
39,1,1,7059
35,0,1,757
60,1,0,3461
12,1,1,3462
22,0,1,3463
44,1,1,3464
40,1,0,3465
32,0,1,7066
6,1,1,764
27,1,1,3468
32,0,0,3469
24,1,1,3470
37,1,1,3471
11,0,1,3472
16,1,0,7073
37,1,1,771
29,0,1,3475
42,1,1,3476
5,1,0,3477
21,0,1,3478
42,1,1,3479
34,1,1,7080
47,0,0,778
10,1,1,3482
26,1,1,3483
47,0,1,3484
39,1,0,3485
52,1,1,3486
15,0,1,7087
31,1,1,785
35,1,0,3489
23,0,1,3490
57,1,1,3491
9,1,1,3492
20,0,0,3493
40,1,1,7094
28,1,1,792
62,0,1,3496
14,1,0,3497
25,1,1,3498
45,0,1,3499
33,1,1,3500
34,1,0,7101
8,0,1,799
30,1,1,3503
33,1,1,3504
38,0,0,3505
39,1,1,3506
13,1,1,3507
19,0,1,7108
38,1,0,806
22,1,1,3510
44,0,1,3511
7,1,1,3512
24,1,0,3513
43,0,1,3514
27,1,1,7115
49,1,1,813
12,0,0,3517
29,1,1,3518
48,1,1,3519
32,0,1,3520
54,1,0,3521
6,1,1,7122
18,0,1,820
36,1,1,3524
37,1,0,3525
59,0,1,3526
11,1,1,3527
23,1,1,3528
41,0,0,7129
21,1,1,827
64,1,1,3531
5,0,1,3532
28,1,0,3533
46,1,1,3534
26,0,1,3535
36,1,1,7136
10,1,0,834
17,0,1,3538
34,1,1,3539
31,1,1,3540
41,0,0,3541
15,1,1,3542
22,1,1,7143
39,0,1,841
36,1,0,3545
46,1,1,3546
9,0,1,3547
27,1,1,3548
44,1,0,3549
20,0,1,7150
51,1,1,848
14,1,1,3552
16,0,0,3553
32,1,1,3554
25,1,1,3555
56,0,1,3556
8,1,0,7157
21,1,1,855
37,0,1,3559
30,1,1,3560
61,1,0,3561
13,0,1,3562
26,1,1,3563
42,1,1,7164
35,0,0,862
33,1,1,3566
7,1,1,3567
31,0,1,3568
47,1,0,3569
40,1,1,3570
38,0,1,7171
12,1,1,869
20,1,0,3573
35,0,1,3574
24,1,1,3575
43,1,1,3576
6,0,0,3577
25,1,1,7178
40,1,1,876
29,0,1,3580
48,1,0,3581
11,1,1,3582
30,0,1,3583
45,1,1,3584
34,1,0,7185
53,0,1,883
5,1,1,3587
19,1,1,3588
33,0,0,3589
39,1,1,3590
58,1,1,3591
10,0,1,7192
24,1,0,890
38,1,1,3594
23,0,1,3595
63,1,1,3596
15,1,0,3597
29,0,1,3598
43,1,1,7199
28,1,1,897
35,0,0,1801
9,1,1,1802
18,1,1,1803
48,0,1,1804
33,1,0,1805
40,1,1,3606
14,0,1,904
23,1,1,1808
36,1,0,1809
38,0,1,1810
45,1,1,1811
8,1,1,1812
28,0,0,3613
41,1,1,911
22,1,1,1815
50,0,1,1816
13,1,0,1817
17,1,1,1818
46,0,1,1819
27,1,1,3620
55,1,0,918
7,0,1,1822
22,1,1,1823
34,1,1,1824
32,0,0,1825
60,1,1,1826
12,1,1,3627
27,0,1,925
39,1,0,1829
37,1,1,1830
32,0,1,1831
6,1,1,1832
16,1,0,1833
44,0,1,3634
21,1,1,932
37,1,1,1836
11,0,0,1837
21,1,1,1838
32,1,1,1839
26,0,1,1840
42,1,0,3641
5,1,1,939
26,0,1,1843
37,1,1,1844
31,1,0,1845
47,0,1,1846
10,1,1,1847
31,1,1,3648
42,0,0,946
36,1,1,1850
52,1,1,1851
15,0,1,1852
20,1,0,1853
47,1,1,1854
20,0,1,3655
57,1,1,953
9,1,0,1857
25,0,1,1858
35,1,1,1859
25,1,1,1860
62,0,0,1861
14,1,1,3662
30,1,1,960
40,0,1,1864
30,1,0,1865
34,1,1,1866
8,0,1,1867
19,1,1,1868
45,1,0,3669
35,0,1,967
39,1,1,1871
13,1,1,1872
24,0,0,1873
33,1,1,1874
40,1,1,1875
44,0,1,3676
7,1,0,974
29,1,1,1878
38,0,1,1879
24,1,1,1880
49,1,0,1881
12,0,1,1882
18,1,1,3683
43,1,1,981
29,0,0,1885
54,1,1,1886
6,1,1,1887
23,0,1,1888
48,1,0,1889
34,1,1,3690
59,0,1,988
11,1,1,1892
28,1,0,1893
36,0,1,1894
39,1,1,1895
64,1,1,1896
5,0,0,3697
17,1,1,995
41,1,1,1899
23,0,1,1900
36,1,0,1901
10,1,1,1902
22,0,1,1903
46,1,1,3704
28,1,0,1002
41,0,1,1906
15,1,1,1907
27,1,1,1908
34,0,0,1909
33,1,1,1910
46,1,1,3711
9,0,1,1009
16,1,0,1913
39,1,1,1914
38,0,1,1915
51,1,1,1916
14,1,0,1917
21,0,1,3718
44,1,1,1016
22,1,1,1920
56,0,0,1921
8,1,1,1922
26,1,1,1923
32,0,1,1924
27,1,0,3725
61,1,1,1023
13,0,1,1927
31,1,1,1928
37,1,0,1929
32,0,1,1930
33,1,1,1931
7,1,1,3732
20,0,0,1030
42,1,1,1934
37,1,1,1935
38,0,1,1936
12,1,0,1937
25,1,1,1938
47,0,1,3739
21,1,1,1037
43,1,0,1941
6,0,1,1942
30,1,1,1943
35,1,1,1944
26,0,0,1945
48,1,1,3746
11,1,1,1044
19,0,1,1948
40,1,0,1949
31,1,1,1950
53,0,1,1951
5,1,1,1952
24,1,0,3753
45,0,1,1051
36,1,1,1955
58,1,1,1956
10,0,0,1957
29,1,1,1958
33,1,1,1959
20,0,1,3760
63,1,0,1058
15,1,1,1962
18,0,1,1963
38,1,1,1964
25,1,0,1965
35,0,1,1966
9,1,1,3767
23,1,1,1065
43,0,0,1969
30,1,1,1970
40,1,1,1971
14,0,1,1972
28,1,0,1973
48,1,1,3774
35,0,1,1072
45,1,1,1976
8,1,0,1977
17,0,1,1978
36,1,1,1979
40,1,1,1980
50,0,0,3781
13,1,1,1079
22,1,1,1983
41,0,1,1984
24,1,0,1985
55,1,1,1986
7,0,1,1987
27,1,1,3788
46,1,0,1086
29,0,1,1990
60,1,1,1991
12,1,1,1992
16,0,0,1993
34,1,1,1994
34,1,1,3795
32,0,1,1093
6,1,0,1997
21,1,1,1998
39,0,1,1999
39,1,1,2000
37,1,0,2001
11,0,1,3802
26,1,1,1100
44,1,1,2004
23,0,0,2005
42,1,1,2006
5,1,1,2007
31,0,1,2008
32,1,0,3809
28,1,1,1107
47,0,1,2011
10,1,1,2012
20,1,0,2013
37,0,1,2014
33,1,1,2015
52,1,1,3816
15,0,0,1114
25,1,1,2018
42,1,1,2019
38,0,1,2020
57,1,0,2021
9,1,1,2022
30,0,1,3823
47,1,1,1121
22,1,0,2025
62,0,1,2026
14,1,1,2027
19,1,1,2028
35,0,0,2029
27,1,1,3830
34,1,1,1128
8,0,1,2032
24,1,0,2033
40,1,1,2034
32,0,1,2035
39,1,1,2036
13,1,0,3837
29,0,1,1135
45,1,1,2039
37,1,1,2040
44,0,0,2041
7,1,1,2042
18,1,1,2043
33,0,1,3844
21,1,0,1142
49,1,1,2046
12,0,1,2047
23,1,1,2048
38,1,0,2049
26,0,1,2050
54,1,1,3851
6,1,1,1149
28,0,0,2053
43,1,1,2054
31,1,1,2055
59,0,1,2056
11,1,0,2057
17,1,1,3858
48,0,1,1156
36,1,1,2060
64,1,0,2061
5,0,1,2062
22,1,1,2063
36,1,1,2064
20,0,0,3865
36,1,1,1163
10,1,1,2067
27,0,1,2068
41,1,0,2069
25,1,1,2070
41,0,1,2071
15,1,1,3872
16,1,0,1170
46,0,1,2074
30,1,1,2075
46,1,1,2076
9,0,0,2077
21,1,1,2078
34,1,1,3879
35,0,1,1177
51,1,0,2081
14,1,1,2082
26,0,1,2083
39,1,1,2084
40,1,0,2085
56,0,1,3886
8,1,1,1184
31,1,1,2088
44,0,0,2089
24,1,1,2090
61,1,1,2091
13,0,1,2092
20,1,0,3893
32,1,1,1191
29,0,1,2095
33,1,1,2096
7,1,0,2097
25,0,1,2098
37,1,1,2099
34,1,1,3900
38,0,0,1198
12,1,1,2102
30,1,1,2103
42,0,1,2104
39,1,0,2105
43,1,1,2106
6,0,1,3907
19,1,1,1205
47,1,0,2109
23,0,1,2110
48,1,1,2111
11,1,1,2112
24,0,0,2113
35,1,1,3914
28,1,1,1212
53,0,1,2116
5,1,0,2117
29,1,1,2118
40,0,1,2119
33,1,1,2120
58,1,0,3921
10,0,1,1219
18,1,1,2123
45,1,1,2124
38,0,0,2125
63,1,1,2126
15,1,1,2127
23,0,1,3928
33,1,0,1226
22,1,1,2130
35,0,1,2131
9,1,1,2132
28,1,0,2133
38,0,1,2134
27,1,1,3935
40,1,1,1233
14,0,0,2137
17,1,1,2138
43,1,1,2139
32,0,1,2140
45,1,0,2141
8,1,1,3942
22,0,1,1240
48,1,1,2144
37,1,0,2145
50,0,1,2146
13,1,1,2147
27,1,1,2148
36,0,0,3949
21,1,1,1247
55,1,1,2151
7,0,1,2152
16,1,0,2153
41,1,1,2154
26,0,1,2155
60,1,1,3956
12,1,0,1254
21,0,1,2158
46,1,1,2159
31,1,1,2160
32,0,0,2161
6,1,1,2162
26,1,1,3963
34,0,1,1261
36,1,0,2165
37,1,1,2166
11,0,1,2167
31,1,1,2168
39,1,0,2169
20,0,1,3970
42,1,1,1268
5,1,1,2172
20,0,0,2173
44,1,1,2174
25,1,1,2175
47,0,1,2176
10,1,0,3977
25,1,1,1275
32,0,1,2179
30,1,1,2180
52,1,0,2181
15,0,1,2182
30,1,1,2183
37,1,1,3984
35,0,0,1282
57,1,1,2186
9,1,1,2187
19,0,1,2188
42,1,0,2189
40,1,1,2190
62,0,1,3991
14,1,1,1289
24,1,0,2193
47,0,1,2194
24,1,1,2195
34,1,1,2196
8,0,0,2197
29,1,1,3998
35,1,1,1296
29,0,1,2200
39,1,0,2201
13,1,1,2202
18,0,1,2203
40,1,1,2204
34,1,0,4005
44,0,1,1303
7,1,1,2207
23,1,1,2208
45,0,0,2209
39,1,1,2210
49,1,1,2211
12,0,1,4012
28,1,0,1310
33,1,1,2214
23,0,1,2215
54,1,1,2216
6,1,0,2217
17,0,1,2218
38,1,1,4019
28,1,1,1317
59,0,0,2221
11,1,1,2222
22,1,1,2223
43,0,1,2224
33,1,0,2225
64,1,1,4026
5,0,1,1324
27,1,1,2228
48,1,0,2229
38,0,1,2230
36,1,1,2231
10,1,1,2232
16,0,0,4033
36,1,1,1331
22,1,1,2235
41,0,1,2236
15,1,0,2237
21,1,1,2238
41,0,1,2239
27,1,1,4040
46,1,0,1338
9,0,1,2242
26,1,1,2243
46,1,1,2244
32,0,0,2245
51,1,1,2246
14,1,1,4047
31,0,1,1345
34,1,0,2249
37,1,1,2250
56,0,1,2251
8,1,1,2252
20,1,0,2253
39,0,1,4054
21,1,1,1352
61,1,1,2256
13,0,0,2257
25,1,1,2258
44,1,1,2259
26,0,1,2260
33,1,0,4061
7,1,1,1359
30,0,1,2263
32,1,1,2264
31,1,0,2265
38,0,1,2266
12,1,1,2267
19,1,1,4068
37,0,0,1366
36,1,1,2270
43,1,1,2271
6,0,1,2272
24,1,0,2273
42,1,1,2274
20,0,1,4075
48,1,1,1373
11,1,0,2277
29,0,1,2278
47,1,1,2279
25,1,1,2280
53,0,0,2281
5,1,1,4082
18,1,1,1380
35,0,1,2284
30,1,0,2285
58,1,1,2286
10,0,1,2287
23,1,1,2288
40,1,0,4089
35,0,1,1387
63,1,1,2291
15,1,1,2292
28,0,0,2293
45,1,1,2294
40,1,1,2295
35,0,1,4096
9,1,0,1394
17,1,1,2298
33,0,1,2299
24,1,1,2300
40,1,0,2301
14,0,1,2302
22,1,1,4103
38,1,1,1401
29,0,0,2305
45,1,1,2306
8,1,1,2307
27,0,1,2308
43,1,0,2309
34,1,1,4110
50,0,1,1408
13,1,1,2312
16,1,0,2313
48,0,1,2314
39,1,1,2315
55,1,1,2316
7,0,0,4117
21,1,1,1415
36,1,1,2319
23,0,1,2320
60,1,0,2321
12,1,1,2322
26,0,1,2323
41,1,1,4124
28,1,0,1422
32,0,1,2326
6,1,1,2327
31,1,1,2328
46,0,0,2329
33,1,1,2330
37,1,1,4131
11,0,1,1429
20,1,0,2333
34,1,1,2334
38,0,1,2335
42,1,1,2336
5,1,0,2337
25,0,1,4138
39,1,1,1436
22,1,1,2340
47,0,0,2341
10,1,1,2342
30,1,1,2343
44,0,1,2344
27,1,0,4145
52,1,1,1443
15,0,1,2347
19,1,1,2348
32,1,0,2349
32,0,1,2350
57,1,1,2351
9,1,1,4152
24,0,0,1450
37,1,1,2354
37,1,1,2355
62,0,1,2356
14,1,0,2357
29,1,1,2358
42,0,1,4159
21,1,1,1457
34,1,0,2361
8,0,1,2362
18,1,1,2363
47,1,1,2364
26,0,0,2365
39,1,1,4166
13,1,1,1464
23,0,1,2368
35,1,0,2369
31,1,1,2370
44,0,1,2371
7,1,1,2372
28,1,0,4173
40,0,1,1471
36,1,1,2375
49,1,1,2376
12,0,0,2377
17,1,1,2378
45,1,1,2379
20,0,1,4180
54,1,0,1478
6,1,1,2382
22,0,1,2383
33,1,1,2384
25,1,0,2385
59,0,1,2386
11,1,1,4187
27,1,1,1485
38,0,0,2389
30,1,1,2390
64,1,1,2391
5,0,1,2392
16,1,0,2393
43,1,1,4194
35,0,1,1492
36,1,1,2396
10,1,0,2397
21,0,1,2398
48,1,1,2399
40,1,1,2400
41,0,0,4201
15,1,1,1499
26,1,1,2403
36,0,1,2404
24,1,0,2405
46,1,1,2406
9,0,1,2407
31,1,1,4208
41,1,0,1506
29,0,1,2410
51,1,1,2411
14,1,1,2412
20,0,0,2413
46,1,1,2414
34,1,1,4215
56,0,1,1513
8,1,0,2417
25,1,1,2418
34,0,1,2419
39,1,1,2420
61,1,0,2421
13,0,1,4222
30,1,1,1520
39,1,1,2424
23,0,0,2425
33,1,1,2426
7,1,1,2427
19,0,1,2428
44,1,0,4229
28,1,1,1527
38,0,1,2431
12,1,1,2432
24,1,0,2433
32,0,1,2434
33,1,1,2435
43,1,1,4236
6,0,0,1534
29,1,1,2438
37,1,1,2439
38,0,1,2440
48,1,0,2441
11,1,1,2442
18,0,1,4243
42,1,1,1541
22,1,0,2445
53,0,1,2446
5,1,1,2447
23,1,1,2448
47,0,0,2449
27,1,1,4250
58,1,1,1548
10,0,1,2452
28,1,0,2453
35,1,1,2454
32,0,1,2455
63,1,1,2456
15,1,0,4257
17,0,1,1555
40,1,1,2459
37,1,1,2460
35,0,0,2461
9,1,1,2462
22,1,1,2463
45,0,1,4264
21,1,0,1562
40,1,1,2466
14,0,1,2467
27,1,1,2468
33,1,0,2469
26,0,1,2470
45,1,1,4271
8,1,1,1569
16,0,0,2473
38,1,1,2474
31,1,1,2475
50,0,1,2476
13,1,0,2477
21,1,1,4278
43,0,1,1576
36,1,1,2480
55,1,0,2481
7,0,1,2482
26,1,1,2483
48,1,1,2484
20,0,0,4285
60,1,1,1583
12,1,1,2487
31,0,1,2488
36,1,0,2489
25,1,1,2490
32,0,1,2491
6,1,1,4292
20,1,0,1590
41,0,1,2494
30,1,1,2495
37,1,1,2496
11,0,0,2497
25,1,1,2498
46,1,1,4299
35,0,1,1597
42,1,0,2501
5,1,1,2502
30,0,1,2503
34,1,1,2504
40,1,0,2505
47,0,1,4306
10,1,1,1604
19,1,1,2508
39,0,0,2509
24,1,1,2510
52,1,1,2511
15,0,1,2512
24,1,0,4313
44,1,1,1611
29,0,1,2515
57,1,1,2516
9,1,0,2517
29,0,1,2518
32,1,1,2519
34,1,1,4320
62,0,0,1618
14,1,1,2522
18,1,1,2523
37,0,1,2524
39,1,0,2525
34,1,1,2526
8,0,1,4327
23,1,1,1625
42,1,0,2529
23,0,1,2530
39,1,1,2531
13,1,1,2532
28,0,0,2533
47,1,1,4334
28,1,1,1632
44,0,1,2536
7,1,0,2537
17,1,1,2538
35,0,1,2539
33,1,1,2540
49,1,0,4341
12,0,1,1639
22,1,1,2543
40,1,1,2544
38,0,0,2545
54,1,1,2546
6,1,1,2547
27,0,1,4348
45,1,0,1646
22,1,1,2550
59,0,1,2551
11,1,1,2552
16,1,0,2553
33,0,1,2554
27,1,1,4355
64,1,1,1653
5,0,0,2557
21,1,1,2558
38,1,1,2559
32,0,1,2560
36,1,0,2561
10,1,1,4362
26,0,1,1660
43,1,1,2564
37,1,0,2565
41,0,1,2566
15,1,1,2567
31,1,1,2568
48,0,0,4369
21,1,1,1667
46,1,1,2571
9,0,1,2572
20,1,0,2573
36,1,1,2574
26,0,1,2575
51,1,1,4376
14,1,0,1674
25,0,1,2578
41,1,1,2579
31,1,1,2580
56,0,0,2581
8,1,1,2582
30,1,1,4383
46,0,1,1681
36,1,0,2585
61,1,1,2586
13,0,1,2587
19,1,1,2588
34,1,0,2589
20,0,1,4390
33,1,1,1688
7,1,1,2592
24,0,0,2593
39,1,1,2594
25,1,1,2595
38,0,1,2596
12,1,0,4397
29,1,1,1695
44,0,1,2599
30,1,1,2600
43,1,0,2601
6,0,1,2602
18,1,1,2603
32,1,1,4404
35,0,0,1702
48,1,1,2606
11,1,1,2607
23,0,1,2608
37,1,0,2609
40,1,1,2610
53,0,1,4411
5,1,1,1709
28,1,0,2613
42,0,1,2614
24,1,1,2615
58,1,1,2616
10,0,0,2617
17,1,1,4418
47,1,1,1716
29,0,1,2620
63,1,0,2621
15,1,1,2622
22,0,1,2623
35,1,1,2624
34,1,0,4425
35,0,1,1723
9,1,1,2627
27,1,1,2628
40,0,0,2629
39,1,1,2630
40,1,1,2631
14,0,1,4432
16,1,0,1730
45,1,1,2634
23,0,1,2635
45,1,1,2636
8,1,0,2637
21,0,1,2638
33,1,1,4439
28,1,1,1737
50,0,0,2641
13,1,1,2642
26,1,1,2643
38,0,1,2644
33,1,0,2645
55,1,1,4446
7,0,1,1744
31,1,1,2648
43,1,0,2649
38,0,1,2650
60,1,1,2651
12,1,1,2652
20,0,0,4453
48,1,1,1751
22,1,1,2655
32,0,1,2656
6,1,0,2657
25,1,1,2658
36,0,1,2659
27,1,1,4460
37,1,0,1758
11,0,1,2662
30,1,1,2663
41,1,1,2664
32,0,0,2665
42,1,1,2666
5,1,1,4467
19,0,1,1765
46,1,0,2669
37,1,1,2670
47,0,1,2671
10,1,1,2672
24,1,0,2673
34,0,1,4474
21,1,1,1772
52,1,1,2676
15,0,0,2677
29,1,1,2678
39,1,1,2679
26,0,1,2680
57,1,0,4481
9,1,1,1779
18,0,1,2683
44,1,1,2684
31,1,0,2685
62,0,1,2686
14,1,1,2687
23,1,1,4488
32,0,0,1786
36,1,1,2690
34,1,1,2691
8,0,1,2692
28,1,0,2693
37,1,1,2694
20,0,1,4495
39,1,1,1793
13,1,0,2697
17,0,1,2698
42,1,1,2699
25,1,1,2700
44,0,0,2701
7,1,1,4502
22,1,1,1800
47,0,1,2704
30,1,0,2705
49,1,1,2706
12,0,1,2707
27,1,1,2708
35,1,0,4509
35,0,1,306
54,1,1,2711
6,1,1,2712
16,0,0,2713
40,1,1,2714
40,1,1,2715
59,0,1,4516
11,1,0,313
21,1,1,2718
45,0,1,2719
24,1,1,2720
64,1,0,2721
5,0,1,2722
26,1,1,4523
33,1,1,320
29,0,0,2725
36,1,1,2726
10,1,1,2727
31,0,1,2728
38,1,0,2729
34,1,1,4530
41,0,1,327
15,1,1,2732
20,1,0,2733
43,0,1,2734
39,1,1,2735
46,1,1,2736
9,0,0,4537
25,1,1,334
48,1,1,2739
23,0,1,2740
51,1,0,2741
14,1,1,2742
30,0,1,2743
36,1,1,4544
28,1,0,341
56,0,1,2746
8,1,1,2747
19,1,1,2748
41,0,0,2749
33,1,1,2750
61,1,1,4551
13,0,1,348
24,1,0,2753
46,1,1,2754
38,0,1,2755
33,1,1,2756
7,1,0,2757
29,0,1,4558
34,1,1,355
22,1,1,2760
38,0,0,2761
12,1,1,2762
18,1,1,2763
39,0,1,2764
27,1,0,4565
43,1,1,362
6,0,1,2767
23,1,1,2768
44,1,0,2769
32,0,1,2770
48,1,1,2771
11,1,1,4572
28,0,0,369
32,1,1,2774
37,1,1,2775
53,0,1,2776
5,1,0,2777
17,1,1,2778
37,0,1,4579
21,1,1,376
58,1,0,2781
10,0,1,2782
22,1,1,2783
42,1,1,2784
26,0,0,2785
63,1,1,4586
15,1,1,383
27,0,1,2788
47,1,0,2789
31,1,1,2790
35,0,1,2791
9,1,1,2792
16,1,0,4593
35,0,1,390
36,1,1,2795
40,1,1,2796
14,0,0,2797
21,1,1,2798
40,1,1,2799
20,0,1,4600
45,1,0,397
8,1,1,2802
26,0,1,2803
45,1,1,2804
25,1,0,2805
50,0,1,2806
13,1,1,4607
31,1,1,404
33,0,0,2809
30,1,1,2810
55,1,1,2811
7,0,1,2812
20,1,0,2813
38,1,1,4614
35,0,1,411
60,1,1,2816
12,1,0,2817
25,0,1,2818
43,1,1,2819
40,1,1,2820
32,0,0,4621
6,1,1,418
30,1,1,2823
48,0,1,2824
24,1,0,2825
37,1,1,2826
11,0,1,2827
19,1,1,4628
36,1,0,425
29,0,1,2830
42,1,1,2831
5,1,1,2832
24,0,0,2833
41,1,1,2834
34,1,1,4635
47,0,1,432
10,1,0,2837
29,1,1,2838
46,0,1,2839
39,1,1,2840
52,1,0,2841
15,0,1,4642
18,1,1,439
34,1,1,2844
23,0,0,2845
57,1,1,2846
9,1,1,2847
23,0,1,2848
39,1,0,4649
28,1,1,446
62,0,1,2851
14,1,1,2852
28,1,0,2853
44,0,1,2854
33,1,1,2855
34,1,1,4656
8,0,0,453
17,1,1,2858
32,1,1,2859
38,0,1,2860
39,1,0,2861
13,1,1,2862
22,0,1,4663
37,1,1,460
22,1,0,2865
44,0,1,2866
7,1,1,2867
27,1,1,2868
42,0,0,2869
27,1,1,4670
49,1,1,467
12,0,1,2872
16,1,0,2873
47,1,1,2874
32,0,1,2875
54,1,1,2876
6,1,0,4677
21,0,1,474
35,1,1,2879
37,1,1,2880
59,0,0,2881
11,1,1,2882
26,1,1,2883
40,0,1,4684
21,1,0,481
64,1,1,2886
5,0,1,2887
31,1,1,2888
45,1,0,2889
26,0,1,2890
36,1,1,4691
10,1,1,488
20,0,0,2893
33,1,1,2894
31,1,1,2895
41,0,1,2896
15,1,0,2897
25,1,1,4698
38,0,1,495
36,1,1,2900
46,1,0,2901
9,0,1,2902
30,1,1,2903
43,1,1,2904
20,0,0,4705
51,1,1,502
14,1,1,2907
19,0,1,2908
48,1,0,2909
25,1,1,2910
56,0,1,2911
8,1,1,4712
24,1,0,509
36,0,1,2914
30,1,1,2915
61,1,1,2916
13,0,0,2917
29,1,1,2918
41,1,1,4719
35,0,1,516
33,1,0,2921
7,1,1,2922
18,0,1,2923
46,1,1,2924
40,1,0,2925
38,0,1,4726
12,1,1,523
23,1,1,2928
34,0,0,2929
24,1,1,2930
43,1,1,2931
6,0,1,2932
28,1,0,4733
39,1,1,530
29,0,1,2935
48,1,1,2936
11,1,0,2937
17,0,1,2938
44,1,1,2939
34,1,1,4740
53,0,0,537
5,1,1,2942
22,1,1,2943
32,0,1,2944
39,1,0,2945
58,1,1,2946
10,0,1,4747
27,1,1,544
37,1,0,2949
23,0,1,2950
63,1,1,2951
15,1,1,2952
16,0,0,2953
42,1,1,4754
28,1,1,551
35,0,1,2956
9,1,0,2957
21,1,1,2958
47,0,1,2959
33,1,1,2960
40,1,0,4761
14,0,1,558
26,1,1,2963
35,1,1,2964
38,0,0,2965
45,1,1,2966
8,1,1,2967
31,0,1,4768
40,1,0,565
22,1,1,2970
50,0,1,2971
13,1,1,2972
20,1,0,2973
45,0,1,2974
27,1,1,4775
55,1,1,572
7,0,0,2977
25,1,1,2978
33,1,1,2979
32,0,1,2980
60,1,0,2981
12,1,1,4782
30,0,1,579
38,1,1,2984
37,1,0,2985
32,0,1,2986
6,1,1,2987
19,1,1,2988
43,0,0,4789
21,1,1,586
37,1,1,2991
11,0,1,2992
24,1,0,2993
48,1,1,2994
26,0,1,2995
42,1,1,4796
5,1,0,593
29,0,1,2998
36,1,1,2999
31,1,1,3000
47,0,0,3001
10,1,1,3002
18,1,1,4803
41,0,1,600
36,1,0,3005
52,1,1,3006
15,0,1,3007
23,1,1,3008
46,1,0,3009
20,0,1,4810
57,1,1,607
9,1,1,3012
28,0,0,3013
34,1,1,3014
25,1,1,3015
62,0,1,3016
14,1,0,4817
17,1,1,614
39,0,1,3019
30,1,1,3020
34,1,0,3021
8,0,1,3022
22,1,1,3023
44,1,1,4824
35,0,0,621
39,1,1,3026
13,1,1,3027
27,0,1,3028
32,1,0,3029
40,1,1,3030
44,0,1,4831
7,1,1,628
16,1,0,3033
37,0,1,3034
24,1,1,3035
49,1,1,3036
12,0,0,3037
21,1,1,4838
42,1,1,635
29,0,1,3040
54,1,0,3041
6,1,1,3042
26,0,1,3043
47,1,1,3044
34,1,0,4845
59,0,1,642
11,1,1,3047
31,1,1,3048
35,0,0,3049
39,1,1,3050
64,1,1,3051
5,0,1,4852
20,1,0,649
40,1,1,3054
23,0,1,3055
36,1,1,3056
10,1,0,3057
25,0,1,3058
45,1,1,4859
28,1,1,656
41,0,0,3061
15,1,1,3062
30,1,1,3063
33,0,1,3064
33,1,0,3065
46,1,1,4866
9,0,1,663
19,1,1,3068
38,1,0,3069
38,0,1,3070
51,1,1,3071
14,1,1,3072
24,0,0,4873
43,1,1,670
22,1,1,3075
56,0,1,3076
8,1,0,3077
29,1,1,3078
48,0,1,3079
27,1,1,4880
61,1,0,677
13,0,1,3082
18,1,1,3083
36,1,1,3084
32,0,0,3085
33,1,1,3086
7,1,1,4887
23,0,1,684
41,1,0,3089
37,1,1,3090
38,0,1,3091
12,1,1,3092
28,1,0,3093
46,0,1,4894
21,1,1,691
43,1,1,3096
6,0,0,3097
17,1,1,3098
34,1,1,3099
26,0,1,3100
48,1,0,4901
11,1,1,698
22,0,1,3103
39,1,1,3104
31,1,0,3105
53,0,1,3106
5,1,1,3107
27,1,1,4908
44,0,0,705
36,1,1,3110
58,1,1,3111
10,0,1,3112
16,1,0,3113
32,1,1,3114
20,0,1,4915
63,1,1,712
15,1,0,3117
21,0,1,3118
37,1,1,3119
25,1,1,3120
35,0,0,3121
9,1,1,4922
26,1,1,719
42,0,1,3124
30,1,0,3125
40,1,1,3126
14,0,1,3127
31,1,1,3128
47,1,0,4929
35,0,1,726
45,1,1,3131
8,1,1,3132
20,0,0,3133
35,1,1,3134
40,1,1,3135
50,0,1,4936
13,1,0,733
25,1,1,3138
40,0,1,3139
24,1,1,3140
55,1,0,3141
7,0,1,3142
30,1,1,4943
45,1,1,740
29,0,0,3145
60,1,1,3146
12,1,1,3147
19,0,1,3148
33,1,0,3149
34,1,1,4950
32,0,1,747
6,1,1,3152
24,1,0,3153
38,0,1,3154
39,1,1,3155
37,1,1,3156
11,0,0,4957
29,1,1,754
43,1,1,3159
23,0,1,3160
42,1,0,3161
5,1,1,3162
18,0,1,3163
48,1,1,4964
28,1,0,761
47,0,1,3166
10,1,1,3167
23,1,1,3168
36,0,0,3169
33,1,1,3170
52,1,1,4971
15,0,1,768
28,1,0,3173
41,1,1,3174
38,0,1,3175
57,1,1,3176
9,1,0,3177
17,0,1,4978
46,1,1,775
22,1,1,3180
62,0,0,3181
14,1,1,3182
22,1,1,3183
34,0,1,3184
27,1,0,4985
34,1,1,782
8,0,1,3187
27,1,1,3188
39,1,0,3189
32,0,1,3190
39,1,1,3191
13,1,1,4992
16,0,0,789
44,1,1,3194
37,1,1,3195
44,0,1,3196
7,1,0,3197
21,1,1,3198
32,0,1,4999
21,1,1,796
49,1,0,3201
